advertising_spend,store_visits,discount_pct,holiday_flag,competitor_price_index,season,sales
3407.75,271,17.5,0,0.949,Spring,15715.91
4968.3,552,17.64,0,1.175,Spring,25766.24
4353.5,171,29.19,0,0.802,Winter,15681.09
5708.69,839,34.67,0,1.165,Spring,28972.31
5393.73,1133,9.7,0,0.899,Autumn,34927.18
6973.38,545,4.47,0,0.805,Winter,25327.04
4923.82,824,0.32,0,0.93,Winter,20284.83
4459.8,479,13.08,0,0.895,Spring,17799.01
6287.9,110,8.22,0,1.162,Autumn,18023.43
2079.06,1160,24.24,0,0.906,Winter,35786.9
1288.07,381,12.18,0,1.066,Winter,5604.41
1141.36,1044,3.23,0,1.083,Autumn,25370.15
4064.99,487,21.23,0,1.138,Autumn,15747.23
3325.86,589,21.15,1,0.858,Autumn,24827.13
1847.36,704,3.8,0,1.064,Spring,17621.06
3116.51,925,15.22,0,0.845,Winter,27481.39
5518.04,965,3.06,0,0.985,Spring,23303.34
5824.88,394,17.0,0,0.882,Spring,22720.47
6049.82,976,13.51,1,1.047,Spring,30912.85
2786.89,476,17.75,0,1.184,Spring,16386.49
656.13,1051,25.33,0,1.088,Autumn,32033.02
6215.2,1179,3.45,0,1.099,Autumn,32580.82
5348.63,549,2.16,0,1.019,Spring,18566.81
3981.49,142,3.3,0,0.872,Spring,8979.79
3356.99,1096,27.64,0,1.077,Summer,28650.12
5792.08,1005,20.61,0,1.141,Spring,27227.1
7139.87,441,22.57,1,1.129,Winter,30035.73
1649.67,453,5.25,1,1.117,Autumn,11937.67
2381.63,954,24.83,0,1.165,Spring,24030.31
3117.1,1042,9.85,1,0.947,Winter,30092.46
7638.38,356,19.92,0,1.02,Winter,25485.39
1041.87,1018,34.75,1,1.157,Autumn,32739.23
3978.78,293,28.45,1,0.946,Spring,18044.83
2632.9,822,11.25,0,0.885,Autumn,14765.07
6917.57,501,28.77,0,1.0,Winter,20584.99
7298.05,686,34.59,0,1.023,Spring,32432.38
7092.96,891,34.14,0,1.171,Spring,32921.9
3667.4,480,24.08,0,0.911,Autumn,20094.33
1182.24,377,19.8,0,1.05,Winter,7056.7
4921.35,456,0.73,0,0.864,Summer,13892.04
5047.49,215,24.86,0,0.92,Autumn,20164.27
2616.74,295,12.2,0,1.078,Spring,10638.23
1401.29,226,31.26,0,1.121,Spring,3985.8
3049.55,918,9.36,0,0.962,Winter,19333.15
945.69,1041,6.13,1,1.077,Winter,35145.74
7915.93,970,5.34,1,0.978,Autumn,39987.37
692.89,1146,17.01,0,1.143,Summer,26937.55
3369.85,358,30.56,0,1.194,Winter,20729.41
5018.59,618,22.79,0,1.068,Winter,23449.61
1887.13,1141,13.99,0,0.86,Autumn,24107.82
3293.81,555,8.33,0,1.082,Spring,12495.16
7680.85,819,24.32,0,0.909,Summer,38514.44
4983.48,258,30.23,0,0.897,Summer,22402.14
7933.42,317,15.56,0,1.132,Summer,18117.7
7582.26,444,21.67,1,0.801,Winter,24965.17
6582.94,734,24.56,0,0.97,Summer,31368.1
588.93,672,11.64,1,1.03,Winter,25927.59
1470.32,1180,24.5,0,0.907,Winter,25186.31
2526.69,554,0.24,0,0.933,Winter,6149.1
3576.87,1114,11.78,0,1.041,Spring,28448.9
7373.39,1105,0.65,0,1.092,Winter,35971.13
5673.46,912,34.48,0,1.085,Summer,35736.98
4853.01,868,5.07,0,1.15,Summer,19642.07
2036.9,867,5.8,0,1.037,Summer,19979.97
5781.2,467,25.72,0,0.964,Winter,23102.6
732.15,842,13.99,0,1.12,Spring,18598.39
5513.2,560,8.46,0,0.944,Autumn,22260.68
4882.48,218,27.67,0,0.902,Autumn,14789.34
979.96,880,22.12,0,0.871,Winter,17656.86
6467.57,630,23.72,0,0.817,Summer,30997.85
2164.26,395,31.49,0,1.106,Winter,21285.09
4131.8,148,4.11,0,0.989,Autumn,10085.31
1008.59,378,8.58,0,0.861,Autumn,6327.69
1195.81,631,31.99,0,0.861,Summer,18448.36
4878.69,1080,19.65,0,1.194,Autumn,24745.89
3922.43,1052,22.36,0,1.121,Summer,29730.05
5137.01,531,27.15,0,0.839,Summer,28193.0
7895.3,377,29.38,0,0.849,Summer,31627.21
3910.93,220,6.92,0,0.847,Spring,9053.05
1480.83,186,3.48,0,0.985,Summer,9172.78
4252.2,812,21.45,0,1.15,Winter,28723.36
2936.47,984,4.43,1,1.034,Summer,25155.95
3393.89,176,27.18,0,1.141,Spring,14397.4
7200.42,854,22.55,0,1.142,Summer,28045.85
789.26,520,1.84,0,1.042,Winter,8902.09
3019.48,405,14.78,0,0.99,Autumn,16489.62
3934.84,1046,29.54,0,1.165,Spring,22698.09
5744.56,1056,34.08,0,0.998,Winter,32554.98
2944.53,107,20.59,0,0.85,Winter,10495.85
3964.8,305,32.8,0,0.942,Winter,21445.75
5479.89,1108,19.74,1,1.162,Autumn,39029.35
7787.16,853,2.34,0,0.863,Autumn,26965.08
2345.37,80,9.12,0,0.955,Spring,9629.12
5946.79,965,3.51,0,1.168,Summer,25309.88
7124.37,407,8.01,0,0.977,Winter,26693.21
7430.61,122,9.62,1,0.983,Spring,20013.36
6211.79,157,25.22,0,1.159,Summer,17694.13
805.7,427,2.17,0,1.041,Winter,9234.94
4549.71,170,2.93,0,1.113,Spring,7966.42
1402.01,275,14.0,0,1.077,Winter,8005.35
2935.3,1183,17.97,0,0.955,Autumn,30516.57
6840.71,1002,3.78,0,1.052,Summer,34613.55
3908.65,703,28.49,0,1.142,Spring,24708.62
6390.93,319,30.98,1,1.014,Summer,36124.76
701.2,655,17.04,0,0.928,Autumn,18533.56
3638.1,663,16.16,1,0.943,Autumn,19796.83
5271.33,796,19.97,0,1.186,Summer,24300.25
6557.7,112,5.04,1,0.972,Autumn,14637.26
7034.01,200,3.02,0,0.925,Spring,9960.43
5296.58,378,26.02,0,0.907,Autumn,20331.02
6852.5,281,23.67,0,0.939,Autumn,25020.97
2415.79,1135,27.61,0,1.18,Summer,34215.92
6108.5,222,6.95,0,0.95,Summer,13728.8
2880.75,861,2.18,0,1.12,Autumn,16830.67
3243.99,428,33.58,0,0.833,Autumn,17180.09
3236.47,90,11.29,0,1.025,Winter,3445.49
4514.13,172,12.73,0,0.877,Spring,12453.63
6421.55,1120,34.07,0,0.969,Summer,44203.68
6686.45,739,1.78,0,0.896,Summer,29499.53
1390.9,816,10.71,0,1.012,Summer,22856.88
3470.46,429,20.71,0,0.852,Spring,17673.85
1053.67,1091,11.83,0,0.924,Spring,23560.62
4862.99,317,33.45,1,0.899,Spring,26640.59
950.0,1059,1.26,0,0.928,Summer,16519.9
6494.12,376,27.32,0,0.917,Autumn,26121.94
2197.98,917,20.85,0,0.882,Spring,25927.68
4529.15,759,1.25,0,1.185,Winter,15659.01
5264.65,1087,25.08,0,0.873,Spring,32314.1
2217.04,1125,26.75,0,1.151,Winter,22054.63
7600.36,1017,33.57,0,0.852,Summer,42953.88
1285.3,274,1.2,0,0.905,Autumn,8353.49
2783.72,747,14.8,0,1.011,Spring,21044.3
5876.04,1010,33.34,0,1.025,Summer,39807.66
1757.01,846,27.91,0,1.008,Winter,17139.01
3365.0,566,32.82,0,1.067,Autumn,19266.41
1458.8,167,5.99,1,0.949,Autumn,8853.02
5226.82,996,13.11,0,0.845,Spring,28892.64
502.21,310,25.84,0,0.968,Autumn,5966.63
1782.87,169,10.54,0,0.866,Summer,10240.87
7251.46,645,11.38,0,0.964,Winter,18917.31
5792.62,851,19.68,1,1.018,Autumn,34491.92
4288.34,687,12.23,0,0.801,Spring,21144.74
1610.79,1022,6.52,0,0.881,Autumn,17452.47
3863.88,1049,26.99,0,0.891,Autumn,33847.89
510.02,595,30.2,0,1.048,Winter,14517.85
4826.26,431,17.71,0,1.13,Spring,17893.61
7499.58,208,15.28,0,0.906,Summer,16765.43
4121.27,248,7.43,0,0.828,Spring,9713.09
6032.3,405,34.68,0,0.82,Winter,23496.77
5512.29,985,18.46,0,0.978,Spring,24999.28
5105.52,1177,14.41,0,1.0,Spring,30097.33
2775.51,230,24.42,0,1.081,Spring,10233.45
7488.28,1090,6.34,0,0.941,Spring,29211.26
5625.83,564,24.07,0,0.853,Summer,32003.82
7399.45,854,1.89,0,1.188,Autumn,24754.62
4173.37,533,14.18,0,0.843,Spring,7218.36
5022.03,496,27.76,1,0.997,Autumn,25753.96
5646.81,627,34.35,1,0.833,Winter,30228.87
2196.13,979,31.5,1,0.959,Winter,32128.63
7387.28,510,31.0,0,1.174,Spring,26563.22
3928.95,523,5.4,0,0.816,Spring,11259.02
3279.33,213,7.68,0,0.851,Spring,11753.8
5510.76,652,27.17,0,1.187,Winter,27121.78
2416.57,163,6.52,0,0.919,Spring,12626.59
3723.62,414,5.54,0,1.05,Summer,13758.99
2915.16,364,14.74,0,1.025,Summer,12739.82
6779.64,1075,25.84,0,1.056,Spring,39555.61
7854.18,534,17.38,0,1.176,Autumn,21546.39
3094.65,164,3.46,0,1.095,Autumn,10868.61
7247.6,414,2.92,0,1.131,Autumn,23617.5
1183.58,128,17.63,0,1.18,Autumn,9430.51
4844.27,837,12.64,1,0.867,Summer,29002.86
3001.17,569,6.68,1,0.95,Autumn,15538.09
7253.71,122,28.21,1,1.013,Winter,26965.11
7181.27,1184,19.57,1,1.18,Winter,40857.38
3692.97,419,12.99,1,0.821,Autumn,20815.98
5441.45,518,6.43,0,1.126,Winter,18608.18
5771.99,171,9.19,0,0.995,Spring,12874.45
1772.09,1137,30.13,0,1.099,Spring,28990.18
2208.27,1056,18.05,0,1.185,Autumn,26849.89
1631.92,477,1.57,0,0.839,Summer,12660.31
5242.58,1111,13.51,0,0.952,Winter,29026.65
4574.85,1087,31.32,0,1.137,Summer,39054.47
4619.25,423,21.38,0,1.025,Summer,22603.67
6674.21,1030,5.5,0,0.92,Spring,25960.82
7041.75,106,8.24,0,0.861,Winter,11486.31
7775.68,617,32.54,0,0.97,Winter,28676.11
1898.6,972,7.23,0,1.073,Summer,17778.78
5966.99,502,19.3,0,0.969,Spring,27254.2
6987.3,694,31.03,0,1.082,Spring,32547.3
6779.79,172,7.22,0,0.976,Autumn,15578.74
6027.86,775,9.29,0,0.892,Winter,24752.02
2880.03,668,28.68,0,0.996,Autumn,17878.89
3915.87,697,26.55,0,1.11,Summer,32919.17
2061.57,1087,30.96,0,1.031,Winter,21507.56
1617.45,382,34.88,0,0.891,Autumn,19907.73
907.15,145,22.56,0,1.046,Autumn,4160.41
4618.16,582,18.13,0,1.043,Autumn,18732.96
7974.36,1013,0.56,0,0.96,Spring,31704.89
803.34,885,1.22,0,0.998,Winter,14641.44
3500.25,1001,10.18,1,0.944,Summer,33312.19
6173.98,385,28.64,1,0.974,Spring,20088.23
1396.75,1069,22.09,0,1.0,Spring,27079.17
978.16,840,25.32,0,0.926,Winter,22689.43
1402.87,980,2.76,0,0.944,Winter,18538.52
5023.25,435,18.25,0,0.856,Summer,18134.15
4098.02,993,9.65,0,0.923,Winter,31006.4
4234.65,775,0.32,0,1.137,Autumn,20039.49
1442.9,668,5.83,0,1.196,Autumn,16027.84
1012.83,321,17.45,0,0.985,Spring,11025.07
3696.43,978,25.88,1,1.148,Summer,30488.71
5167.71,468,26.1,0,1.107,Autumn,19319.14
2950.29,347,18.96,0,0.84,Autumn,15993.48
1991.55,968,34.92,0,1.147,Autumn,24627.02
1709.16,979,22.86,0,0.803,Winter,21808.21
6361.34,129,23.85,0,1.133,Winter,14822.71
3667.08,778,9.42,0,0.953,Winter,23131.63
3613.96,567,34.81,0,0.991,Summer,26114.85
2787.92,403,11.44,0,1.151,Autumn,10111.63
628.5,1058,2.48,0,0.822,Autumn,22668.56
3038.25,245,6.39,1,0.914,Winter,14625.63
3653.07,1172,7.45,0,0.982,Summer,26766.79
7990.34,314,8.74,0,1.05,Summer,19026.34
6813.2,118,20.9,0,0.823,Winter,21004.2
7166.86,764,31.4,0,1.173,Summer,35382.85
6469.59,1062,29.93,0,1.137,Spring,36633.43
6360.98,601,30.16,0,0.962,Spring,26545.55
6038.86,407,28.39,0,0.957,Spring,24379.85
4467.42,456,14.08,0,1.049,Spring,20116.6
2570.59,652,33.76,1,0.952,Summer,28597.13
7766.02,442,11.96,1,0.842,Autumn,27300.41
1941.6,1106,28.27,1,0.987,Winter,38020.4
4825.44,348,8.1,0,0.987,Autumn,21678.68
4137.05,784,12.59,0,0.972,Summer,27938.99
1468.8,1162,17.7,0,1.043,Autumn,24819.68
4596.73,98,18.73,0,0.973,Spring,8546.17
5628.56,231,7.67,0,0.953,Autumn,6610.48
3801.27,574,28.73,0,1.107,Spring,21019.39
2833.46,887,26.05,0,1.082,Spring,16753.28
4030.35,420,13.89,0,0.893,Winter,20648.67
2711.57,944,20.79,0,0.882,Spring,24203.75
7801.8,238,24.19,0,1.156,Autumn,19945.44
7611.94,545,8.43,0,1.021,Summer,29889.75
2649.85,610,12.75,0,1.101,Winter,14322.65
6196.4,190,7.53,0,1.199,Spring,10764.49
5149.25,911,17.45,0,1.107,Autumn,20838.92
5731.92,1091,12.77,0,1.048,Summer,38603.62
845.28,762,20.41,0,0.947,Summer,17444.13
2154.5,368,29.42,0,1.116,Winter,14344.94
1652.82,564,27.87,1,1.121,Summer,22102.34
1602.66,117,17.89,0,0.86,Winter,11071.67
4360.98,701,30.91,0,1.082,Winter,23070.49
3143.72,235,29.8,0,1.131,Autumn,17096.27
1532.98,1101,10.68,0,1.143,Spring,22450.58
4711.3,969,29.38,0,1.136,Spring,24229.1
955.87,384,29.6,0,0.956,Summer,18877.07
1408.53,1044,16.96,0,0.805,Winter,19808.86
5102.35,887,30.54,1,1.023,Autumn,33059.95
931.68,557,7.25,0,0.948,Autumn,13279.59
5225.71,663,24.39,1,0.948,Summer,32973.72
4863.39,143,4.72,0,1.19,Autumn,12005.15
6804.82,805,9.37,0,1.064,Winter,26297.51
1778.01,775,27.01,0,1.028,Spring,21767.54
1534.04,1038,3.19,0,0.87,Spring,20259.43
4923.19,137,16.2,0,0.818,Winter,12289.14
1063.89,628,12.17,0,1.146,Summer,20219.94
2255.55,349,11.18,0,1.159,Winter,12566.43
2172.53,149,8.71,0,1.085,Autumn,2120.74
2990.79,341,2.83,0,1.184,Spring,10879.79
3395.17,898,26.54,0,1.166,Winter,20649.52
6202.33,838,21.75,0,1.065,Summer,28356.11
3004.38,425,26.95,0,0.876,Autumn,16751.38
6050.52,1054,19.48,0,1.195,Spring,33605.06
1710.5,530,14.14,0,0.822,Spring,15510.18
7222.91,142,22.88,0,0.993,Summer,22005.92
2732.1,1012,11.54,0,1.146,Winter,25068.68
1387.18,544,19.36,0,0.99,Autumn,19996.58
7955.11,117,28.06,0,1.122,Winter,21063.61
1709.16,924,17.12,0,0.818,Summer,24135.71
5613.53,1063,19.94,0,0.99,Summer,29671.6
7015.33,1111,29.96,0,0.964,Summer,42920.62
5917.23,222,14.09,1,0.887,Winter,16401.65
1225.22,1047,0.45,1,1.028,Winter,23490.29
1507.82,930,28.46,0,1.143,Summer,28075.47
6035.93,331,33.25,1,0.86,Winter,35005.49
3982.96,657,29.6,0,1.057,Spring,27073.01
5015.53,981,29.73,0,0.855,Winter,31698.85
714.5,901,33.08,0,0.808,Spring,24477.97
7668.1,144,16.53,0,1.196,Winter,16062.6
2263.92,641,21.99,0,0.989,Spring,14110.01
4504.67,893,20.6,1,1.002,Autumn,25723.88
1118.46,709,16.41,1,0.945,Spring,26658.73
7289.4,238,16.45,1,0.831,Winter,26618.29
4009.93,593,0.96,0,1.153,Autumn,13596.54
6292.57,747,29.47,0,1.006,Spring,30818.68
5287.19,737,7.82,1,1.076,Autumn,24894.26
6666.04,697,25.4,1,1.154,Spring,27645.48
7859.43,480,12.83,0,1.056,Winter,23908.37
7318.23,965,0.27,0,0.846,Spring,20858.63
6352.51,1169,19.5,0,1.038,Spring,33625.92
4898.69,351,13.15,0,0.979,Autumn,9808.38
6745.71,486,34.06,0,1.038,Spring,20580.26
7175.78,363,2.44,0,0.933,Winter,12992.74
4362.32,92,16.48,0,1.122,Winter,7642.95
7229.18,186,7.61,0,0.859,Summer,15691.51
7434.09,858,31.97,0,1.176,Winter,34353.07
4587.02,453,32.8,0,1.014,Spring,22602.18
5084.37,403,0.38,0,0.919,Winter,18336.92
1938.76,418,21.31,0,0.88,Autumn,13840.34
2256.34,570,22.83,0,0.998,Autumn,19229.24
1917.82,1138,19.06,1,0.871,Autumn,31488.95
7803.76,626,14.1,0,1.11,Autumn,29451.68
2986.13,1154,3.28,0,0.847,Summer,23642.2
6487.6,666,29.19,0,1.035,Spring,27497.05
4839.81,1195,5.85,0,0.829,Winter,25089.89
3622.98,80,31.7,0,1.07,Summer,17422.38
5103.77,1159,22.5,0,0.884,Autumn,33275.35
7674.18,595,8.85,0,0.851,Autumn,19329.42
3607.82,1143,32.06,0,1.18,Summer,37388.53
5960.85,135,8.14,0,1.039,Winter,9540.4
522.75,950,8.27,0,1.176,Spring,15988.01
4973.09,346,4.7,0,1.133,Summer,16604.31
1994.0,957,29.5,0,0.902,Spring,23885.6
5866.77,1171,2.44,0,0.84,Autumn,26756.96
7229.95,363,4.31,0,1.015,Summer,23846.62
6920.86,1056,11.14,1,1.075,Autumn,38774.74
2726.47,138,31.46,0,0.983,Autumn,17531.77
4571.12,568,16.26,0,1.17,Winter,14395.25
2902.5,786,25.69,0,0.976,Summer,26635.52
3031.79,389,21.97,0,1.192,Autumn,12856.1
6514.53,204,3.34,0,1.104,Winter,21358.51
5099.46,217,3.58,0,1.042,Spring,10479.51
6651.47,466,0.45,0,0.953,Winter,20782.56
4838.08,529,21.92,0,0.829,Spring,26032.66
4213.61,767,25.1,0,1.048,Spring,30540.25
4343.77,263,31.17,0,0.882,Autumn,12947.4
7212.24,764,9.09,1,1.123,Summer,33335.83
2418.96,302,14.49,0,0.875,Spring,16069.7
3489.34,951,17.21,0,1.101,Autumn,31345.83
1538.33,676,6.1,0,1.02,Autumn,10494.92
7417.66,1163,21.65,0,0.874,Spring,32999.51
6734.61,809,2.15,0,0.988,Autumn,31697.08
6118.72,1005,33.75,0,0.847,Winter,33406.43
4119.17,687,13.0,1,1.049,Spring,20363.81
2386.97,772,32.49,0,1.03,Autumn,24746.32
7843.27,391,9.48,0,1.152,Spring,25546.01
792.4,718,20.23,0,0.886,Winter,22948.82
2602.6,749,19.18,0,1.191,Summer,23517.43
1490.07,190,26.09,0,0.942,Winter,13198.36
3637.9,748,15.98,1,0.902,Winter,33694.08
1577.56,173,12.04,1,0.917,Summer,18774.73
4797.29,216,8.06,0,0.89,Spring,9938.88
7088.28,827,8.52,0,1.093,Summer,30614.98
7670.73,527,4.5,0,1.17,Winter,21929.74
2493.98,183,27.54,0,1.147,Spring,5830.57
6926.19,355,2.21,1,1.068,Summer,25904.39
3825.5,1006,14.45,0,1.093,Autumn,25199.92
7547.68,222,4.86,0,1.098,Winter,16579.94
5306.24,384,19.58,1,1.146,Autumn,22641.45
4485.98,642,0.86,0,1.115,Summer,22075.51
1046.98,417,3.6,1,1.189,Summer,15130.85
2426.2,115,12.82,0,0.968,Spring,12410.69
6426.89,379,2.74,0,1.006,Summer,19892.13
3614.82,805,13.59,0,0.995,Summer,27528.37
1685.92,449,6.79,0,0.98,Autumn,13396.62
1766.44,121,23.86,0,1.199,Spring,11537.17
5943.09,996,26.69,0,0.991,Spring,35658.86
7803.98,780,16.31,0,0.971,Summer,36789.0
4330.82,553,32.17,0,0.85,Autumn,17071.48
6873.73,716,28.81,1,1.113,Autumn,38148.13
5263.01,431,15.72,1,1.159,Spring,20355.77
7986.03,587,3.48,0,1.01,Autumn,24412.0
3935.46,201,34.92,1,1.105,Autumn,23926.22
2293.77,225,13.43,0,1.152,Spring,10343.98
6076.41,537,11.61,0,0.823,Summer,22830.11
6378.91,441,9.29,1,0.816,Autumn,24909.72
6347.03,452,27.81,0,1.05,Spring,20809.55
1339.17,1062,1.29,0,1.072,Spring,22775.79
1256.57,1187,18.84,1,0.892,Winter,31369.99
4223.48,233,11.76,0,1.109,Summer,18513.95
1059.77,546,27.67,0,1.134,Spring,16379.53
6890.65,490,26.8,0,0.965,Winter,27765.99
7093.66,658,6.04,0,0.834,Spring,13739.36
3079.24,165,17.79,0,1.073,Spring,11320.81
7153.83,780,32.13,0,1.144,Autumn,27504.32
2683.45,304,21.27,1,0.846,Spring,12347.34
5163.09,504,22.84,0,0.974,Winter,25274.55
3580.68,500,24.69,0,0.855,Winter,13691.65
6394.44,969,9.6,0,1.002,Summer,27867.08
5681.14,839,4.13,0,1.194,Summer,26505.36
830.3,759,26.55,0,1.035,Autumn,15351.71
1929.19,298,16.98,0,0.971,Winter,12096.55
6522.58,903,5.66,0,1.116,Spring,18291.94
2257.33,231,33.69,0,0.852,Spring,8488.96
1683.26,1143,15.43,0,1.148,Spring,23098.34
4586.64,1067,24.58,0,1.022,Autumn,27351.26
7185.43,1187,12.93,1,1.025,Autumn,41758.17
7570.44,502,33.1,0,1.022,Autumn,27505.61
2746.65,86,25.04,0,1.099,Autumn,13120.2
2551.21,1181,6.96,1,0.999,Winter,33460.47
4574.61,483,19.07,0,0.835,Autumn,16247.36
3800.22,159,6.91,0,1.187,Spring,1026.14
7390.22,160,14.68,0,0.961,Winter,27615.6
7170.7,576,31.6,0,1.108,Winter,34247.83
1886.84,450,26.19,0,0.889,Autumn,16976.49
6871.1,1110,27.74,0,1.101,Summer,37857.56
2206.62,861,10.42,0,0.994,Summer,23045.66
2395.04,657,0.2,0,0.847,Autumn,13465.25
7823.19,1120,14.09,0,1.013,Winter,35126.64
500.5,673,5.4,0,0.88,Spring,10717.35
2404.21,884,9.66,0,1.051,Winter,24269.89
1067.41,442,18.0,0,1.167,Autumn,8896.34
5336.42,1191,22.27,0,1.02,Spring,40581.55
1188.43,623,22.26,0,1.042,Winter,16354.65
4250.26,854,28.16,0,0.835,Autumn,28286.85
816.19,1125,32.78,0,0.921,Autumn,28543.04
1056.9,317,15.74,1,1.137,Winter,20814.64
4643.91,1046,28.66,0,0.897,Winter,34936.74
7176.56,649,17.3,0,1.05,Autumn,24724.38
621.49,890,6.87,0,1.057,Autumn,17196.07
6023.05,947,32.54,1,1.036,Winter,34947.77
4755.03,790,8.16,0,0.851,Autumn,20996.76
7018.89,692,12.85,0,0.864,Winter,31807.93
2871.44,999,8.86,0,0.808,Autumn,23808.9
5246.71,692,29.22,0,1.133,Spring,21658.89
1659.51,588,25.23,1,1.129,Summer,20354.19
4027.27,353,19.91,0,0.987,Autumn,17358.73
4448.87,526,33.93,0,1.043,Spring,23149.32
4490.99,1052,17.07,0,0.808,Autumn,32533.96
6818.8,765,29.79,0,0.819,Summer,39139.69
1641.15,1005,32.87,0,1.139,Autumn,31229.41
5254.52,723,13.49,0,1.183,Summer,17365.08
4683.05,401,13.32,0,1.08,Spring,13863.69
6048.45,1128,34.6,0,1.166,Summer,35031.59
7334.63,1139,15.2,0,1.124,Summer,37653.94
7627.76,543,26.88,0,1.078,Autumn,21956.81
4690.22,256,29.5,0,0.936,Winter,24982.04
1419.49,590,28.44,1,0.935,Autumn,25623.07
1858.3,625,6.18,0,1.032,Spring,15416.5
2460.07,888,7.13,0,0.889,Spring,15453.57
5654.05,478,33.63,0,0.805,Spring,20548.93
7293.96,100,26.58,1,0.843,Summer,21330.22
5420.47,918,32.93,0,1.094,Spring,33646.12
1818.44,600,1.98,0,0.906,Autumn,16029.11
5991.16,951,19.76,0,0.812,Summer,33667.56
1196.1,975,9.62,0,1.071,Winter,18707.83
3117.65,435,11.59,0,0.875,Winter,14496.4
2462.82,515,30.64,0,0.865,Autumn,19068.05
5057.27,1045,17.53,1,0.856,Autumn,35427.36
5906.54,783,7.18,1,0.946,Winter,22613.32
4695.27,119,0.74,0,1.181,Autumn,7474.44
1013.09,692,11.63,1,1.082,Autumn,15925.5
7695.28,159,4.95,1,0.973,Summer,21157.09
2192.54,1121,26.06,0,0.979,Autumn,32306.51
1819.37,903,2.46,0,0.964,Summer,21290.36
6409.45,93,23.26,0,1.044,Winter,10847.27
5648.43,1174,8.4,0,1.049,Summer,35926.57
1866.74,308,13.47,0,1.149,Autumn,4004.34
6705.43,446,33.79,0,1.172,Spring,16439.96
1598.92,655,1.77,0,0.839,Autumn,11371.11
5084.43,1053,10.2,1,0.924,Spring,30758.37
7296.11,166,21.26,0,0.938,Spring,17307.3
5080.4,778,3.28,0,1.126,Winter,30191.27
1911.07,1044,21.54,0,0.815,Summer,24511.24
2217.41,157,26.13,1,1.179,Spring,16300.95
3262.26,924,9.75,0,1.003,Winter,16716.77
1973.69,1101,20.0,0,0.853,Winter,29617.45
3882.01,592,29.91,0,0.894,Summer,24051.5
4781.12,1092,31.45,0,0.932,Summer,39306.71
1694.67,695,1.81,0,1.06,Autumn,18046.43
2636.74,785,27.82,1,0.814,Spring,27537.61
3732.17,292,11.03,0,1.01,Autumn,16980.17
893.01,1075,27.84,0,1.111,Summer,28188.11
5876.13,945,13.7,0,0.848,Summer,32172.13
5161.6,1199,27.32,1,0.893,Summer,41220.12
5353.11,819,18.2,0,0.854,Summer,27298.21
2585.43,910,34.36,0,0.934,Spring,25826.36
5563.75,1137,19.39,0,0.81,Spring,34444.09
7179.41,674,29.46,0,1.18,Autumn,27630.15
1348.57,250,9.32,0,0.911,Autumn,6755.9
783.89,1154,32.95,1,0.97,Winter,34201.36
914.78,712,8.26,0,0.917,Winter,15758.43
6460.1,155,16.61,0,1.2,Spring,16482.92
7840.91,1154,26.22,1,0.94,Spring,41076.36
718.1,1102,24.73,0,0.934,Spring,24798.32
3054.51,883,6.61,0,1.165,Autumn,19254.04
2204.48,1182,6.43,0,1.135,Autumn,21617.74
3390.29,643,34.06,0,0.916,Spring,27636.25
7712.03,1131,10.0,1,0.82,Spring,40211.51
7921.59,282,18.9,0,0.829,Spring,27560.91
2187.51,762,34.22,0,1.014,Spring,21711.55
3450.05,945,30.75,0,1.111,Autumn,33920.92
3362.57,222,18.93,0,0.986,Spring,14915.01
1821.51,110,20.75,0,1.086,Winter,10165.84
6441.46,836,21.7,0,1.101,Summer,32367.71
4082.93,554,27.53,0,1.09,Winter,23926.96
7744.18,948,3.39,1,0.838,Autumn,34274.02
2587.76,396,23.96,0,1.188,Autumn,6467.42
6753.4,843,27.7,1,1.118,Autumn,41912.22
2617.74,495,2.1,0,1.018,Summer,11618.65
1508.13,985,16.7,0,1.052,Autumn,24283.1
3654.82,868,15.05,0,0.915,Spring,25114.58
3421.73,292,28.88,1,1.08,Spring,19699.05
3877.42,449,26.18,0,0.923,Autumn,21926.69
6657.05,103,22.49,0,1.173,Autumn,19105.63
4862.23,284,1.1,0,0.926,Spring,7264.44
4691.33,1137,4.73,0,1.013,Summer,24893.14
2116.69,298,15.04,0,1.135,Spring,6213.38
7176.99,414,29.32,0,1.128,Summer,25829.94
2077.03,296,27.36,0,1.159,Winter,10134.02
2485.14,293,15.78,0,1.147,Summer,15299.93
4045.13,837,33.21,0,1.148,Winter,34651.86
7480.35,942,28.58,0,0.819,Autumn,41539.49
5499.89,97,24.1,0,0.943,Winter,8260.88
3371.73,464,16.83,0,0.945,Spring,15741.53
3352.87,302,5.01,0,1.001,Spring,7720.11
508.76,389,4.16,1,1.022,Summer,13897.7
5840.66,607,6.66,0,1.151,Winter,22872.16
706.63,338,4.02,0,0.989,Autumn,6164.87
3562.63,1000,32.02,0,1.078,Winter,28005.25
6600.38,632,32.22,1,0.868,Autumn,33415.17
5811.52,881,25.71,0,1.095,Autumn,31682.48
7668.38,806,6.81,0,0.857,Autumn,25894.77
931.97,520,13.01,0,0.857,Winter,12041.69
7981.02,993,21.92,0,0.977,Winter,39957.29
2282.72,912,33.11,0,1.169,Summer,28411.39
3655.86,384,21.61,0,1.156,Winter,11115.17
503.91,1081,19.87,0,0.851,Spring,28230.3
5364.09,862,0.53,0,0.849,Spring,21870.4
3590.36,171,7.31,0,0.97,Summer,11700.29
7335.15,604,8.01,0,0.853,Summer,28924.16
7077.59,952,10.72,0,1.01,Summer,32179.22
6642.58,668,14.27,0,0.834,Summer,27701.96
3685.98,1069,32.91,0,1.129,Winter,32549.88
5077.54,867,7.3,0,1.133,Summer,28787.38
7139.36,640,2.9,0,0.844,Spring,18726.67
3919.46,550,27.27,0,0.918,Autumn,23914.06
6416.21,618,13.08,0,1.139,Spring,28060.85
6569.12,228,6.45,1,1.132,Autumn,15262.76
1631.66,538,17.01,0,1.076,Spring,11519.4
2887.57,95,13.99,0,0.887,Spring,12489.68
2651.66,1160,27.48,1,1.046,Autumn,37242.54
7649.18,937,6.7,1,1.042,Summer,33700.62
2806.15,152,24.24,0,0.823,Autumn,14493.69
1567.44,345,10.18,0,0.876,Spring,10470.59
2783.87,356,5.36,0,0.946,Spring,14357.76
3430.82,110,5.31,0,1.035,Autumn,7237.27
6889.0,167,21.88,0,1.19,Spring,20819.12
7489.44,695,13.22,0,0.867,Spring,28533.7
4958.35,191,14.45,0,1.143,Autumn,14730.09
1486.61,1076,26.11,0,0.948,Autumn,28387.86
1473.04,1063,22.46,0,1.1,Winter,24653.92
6578.6,182,19.53,0,1.022,Summer,16002.82
4462.56,742,6.82,1,1.108,Spring,22973.84
2334.0,857,32.97,1,1.097,Summer,32618.35
4781.32,449,9.46,0,1.012,Summer,25120.46
1917.33,172,0.74,0,1.026,Autumn,1192.69
2045.07,331,28.32,0,1.042,Spring,11312.43
1847.97,206,5.39,0,1.067,Autumn,4336.02
1534.57,664,27.11,0,1.024,Winter,19425.76
5896.67,707,16.7,0,0.992,Winter,24478.31
3505.83,540,30.39,0,1.099,Spring,23327.56
4149.76,1124,2.15,0,1.178,Spring,26358.82
837.14,888,20.06,1,0.853,Spring,24464.14
1996.93,525,3.98,0,0.922,Summer,15285.04
4806.59,893,23.88,0,1.066,Winter,25664.55
1278.87,638,29.45,0,0.881,Summer,19942.49
1781.0,1095,7.22,0,0.825,Autumn,26714.99
5469.41,1101,21.85,1,1.106,Summer,39607.96
924.81,483,27.42,0,1.041,Winter,14257.33
3975.3,167,7.62,0,1.164,Autumn,8375.95
4571.6,1028,33.68,0,1.106,Spring,28972.17
7729.8,712,21.97,1,1.053,Winter,30263.1
4623.29,251,32.65,0,1.144,Autumn,16543.58
1563.68,1169,27.11,0,0.91,Summer,27275.28
4035.5,95,23.82,0,0.94,Summer,9687.03
7159.43,201,30.2,0,1.138,Winter,19859.97
3936.08,362,2.24,0,1.029,Spring,6899.67
3158.64,987,2.02,1,0.855,Winter,28012.71
3614.02,1120,19.26,0,0.948,Winter,31802.68
4305.87,241,17.96,0,0.916,Winter,9118.96
824.83,524,24.44,0,0.841,Autumn,11119.7
1102.1,891,2.74,0,0.951,Autumn,12692.54
5129.42,1092,16.5,0,0.882,Autumn,30964.19
5748.51,904,19.91,0,1.144,Autumn,24635.73
2370.92,1014,29.55,0,0.834,Winter,30575.63
7897.88,361,26.65,0,0.918,Summer,22579.9
2733.26,309,3.03,1,0.844,Summer,17807.16
4687.3,286,8.99,0,0.951,Autumn,12565.54
2246.54,334,21.15,1,0.862,Winter,17750.13
6294.16,665,32.95,0,1.023,Autumn,30904.55
961.54,172,10.49,0,1.095,Autumn,2906.74
3129.82,1091,11.51,0,0.955,Summer,27846.81
5730.0,88,30.37,0,0.82,Summer,20937.91
7379.1,1067,18.71,0,0.858,Spring,31695.21
6578.53,464,28.32,0,1.0,Spring,17244.43
4056.79,1053,24.34,1,0.852,Autumn,35298.35
6260.37,952,4.54,0,1.11,Autumn,26285.64
5683.92,248,14.53,0,1.142,Autumn,15769.27
1106.21,945,16.94,0,0.926,Summer,29227.71
4365.52,157,33.61,1,1.003,Winter,22410.29
4257.52,505,33.95,0,1.159,Autumn,23264.72
3493.79,566,3.6,0,0.809,Summer,12930.86
6937.24,470,17.44,0,0.823,Summer,23788.49
5939.45,440,5.78,0,0.877,Winter,17380.51
2517.35,853,29.41,1,0.934,Autumn,31344.74
3504.82,874,17.71,1,1.002,Summer,31479.09
7760.37,1050,19.96,0,0.877,Summer,42970.15
4330.29,589,33.03,0,0.986,Summer,25140.05
6595.26,112,30.35,0,1.044,Winter,13696.15
5170.21,249,12.48,1,1.042,Autumn,18137.22
4482.76,1141,2.69,0,1.155,Spring,22705.59
1856.93,881,15.9,0,0.985,Spring,14451.43
1491.33,683,1.38,0,1.066,Spring,18155.73
2403.14,309,8.02,0,0.892,Summer,13824.21
4710.24,520,16.34,0,1.103,Autumn,20051.25
7215.82,557,13.4,0,0.814,Autumn,25041.72
2250.03,825,30.08,1,0.804,Winter,29133.12
3961.7,149,22.93,0,0.909,Winter,7557.12
2137.95,877,13.39,0,1.142,Spring,21451.15
3303.2,1175,19.53,0,0.94,Spring,22707.65
6891.9,258,27.12,0,0.833,Spring,15424.29
4444.3,1068,13.4,0,0.822,Summer,25915.88
7270.5,634,0.75,1,1.087,Spring,29196.88
2691.79,1135,2.04,0,1.046,Summer,26898.45
3842.41,460,18.47,0,1.133,Autumn,14204.0
1366.71,873,6.22,0,1.154,Spring,9627.54
2331.14,1075,2.16,0,0.918,Spring,24606.79
6967.09,177,21.63,0,0.862,Winter,22628.17
3945.33,257,5.92,0,1.0,Summer,13241.27
2554.44,723,3.45,0,1.193,Autumn,22834.03
4253.93,246,27.67,0,0.823,Winter,18453.62
2727.41,923,33.85,0,1.018,Autumn,32217.48
4562.0,792,32.37,1,0.822,Spring,37315.14
5320.37,184,23.84,0,1.157,Autumn,18421.5
5584.45,580,15.75,0,1.168,Winter,17554.89
1355.46,363,19.52,0,0.815,Autumn,11100.15
7221.13,834,3.78,0,1.038,Spring,31329.05
2863.59,135,27.33,0,0.93,Summer,15016.17
6012.48,710,6.89,0,1.004,Winter,26559.67
5308.25,1113,24.08,0,1.123,Winter,35230.81
2050.61,1117,1.52,0,0.877,Summer,23691.51
7558.89,979,15.49,0,1.062,Winter,32736.13
2476.02,294,27.47,0,0.866,Summer,15230.98
4629.75,952,15.94,0,0.809,Winter,22729.03
3677.79,480,22.17,0,1.019,Autumn,23253.61
715.89,1028,17.98,0,0.999,Summer,20311.44
5846.2,1154,7.91,0,1.039,Summer,33128.04
6166.76,722,29.83,0,1.056,Summer,36916.82
2936.66,646,28.45,0,1.053,Autumn,20296.47
1914.2,118,7.98,1,1.039,Autumn,9090.85
2378.26,543,6.13,0,1.144,Spring,9638.03
1468.02,896,31.28,0,0.91,Winter,23113.59
5643.49,1064,14.63,0,1.0,Autumn,26741.64
6707.2,986,16.96,0,0.961,Autumn,28421.04
3684.82,458,3.64,0,0.984,Spring,3417.26
1943.97,552,10.46,0,1.082,Winter,10559.9
4106.0,313,12.0,0,0.892,Autumn,14859.45
7234.92,512,18.21,0,0.918,Winter,22045.57
2254.63,1118,20.77,1,1.115,Autumn,29762.48
6204.72,413,6.88,0,0.941,Summer,18192.63
671.81,866,29.79,1,0.841,Autumn,23814.24
3393.56,915,30.62,0,1.186,Summer,28710.84
6220.54,375,30.72,1,1.117,Winter,26796.61
4303.24,906,22.41,0,1.152,Spring,24248.67
2062.46,219,26.09,0,1.165,Autumn,15695.69
6287.85,777,11.59,0,1.15,Spring,25601.19
4006.85,1076,25.54,0,1.113,Autumn,26325.12
6535.94,539,30.46,0,0.969,Summer,34333.97
4775.76,1158,12.64,0,1.163,Summer,28718.91
3213.51,85,1.13,0,0.927,Spring,10363.47
4896.36,1107,6.38,0,1.057,Autumn,29077.35
1029.52,707,25.26,0,1.139,Autumn,22832.14
2897.49,840,20.22,0,1.175,Spring,28310.8
6290.8,1146,19.6,1,1.172,Summer,39576.02
1338.55,314,14.05,0,0.931,Spring,54.08
2401.9,441,23.27,0,1.147,Autumn,18582.44
7004.59,382,20.96,0,1.122,Spring,18291.94
4282.27,978,2.64,0,0.941,Winter,25072.22
6841.72,414,7.05,0,1.057,Winter,21247.24
6402.87,206,14.59,0,1.08,Summer,19190.04
4201.11,706,26.13,0,0.88,Spring,28527.23
4654.26,579,19.93,0,0.89,Spring,22471.15
712.12,236,31.31,0,1.129,Winter,10533.71
3646.88,643,21.5,0,0.959,Autumn,19632.76
6241.43,1175,23.79,0,0.971,Summer,35237.41
5843.4,311,1.84,0,0.973,Spring,14169.36
7776.79,191,25.06,0,0.862,Autumn,23594.49
1901.44,404,27.59,0,1.044,Autumn,11279.68
2454.88,1158,23.68,0,0.993,Spring,26134.05
5369.36,444,33.3,0,0.939,Winter,29594.67
2109.32,598,30.66,0,0.98,Winter,26139.71
1004.97,113,13.17,0,1.046,Winter,4522.63
6031.0,266,2.82,0,1.072,Summer,9553.35
7003.83,1139,27.0,0,0.924,Autumn,39706.86
6416.47,493,3.75,0,1.016,Autumn,25123.34
2153.27,577,6.79,1,0.855,Spring,16156.26
1801.78,692,20.84,1,1.18,Spring,22337.56
4008.28,342,12.93,0,0.91,Summer,16214.92
1841.97,647,34.8,1,0.992,Winter,28810.82
6080.2,422,15.5,0,1.082,Summer,20826.64
6610.31,716,10.12,0,1.013,Spring,26716.19
7086.64,783,32.41,0,0.983,Autumn,32676.52
2710.68,903,3.13,0,0.908,Summer,22206.86
3850.12,706,32.95,0,0.857,Spring,24096.33
4943.78,925,4.94,1,1.061,Autumn,23545.84
7805.89,1097,5.5,0,1.001,Autumn,38881.9
2160.24,642,29.68,0,0.813,Autumn,22203.52
5544.14,1056,13.81,1,1.046,Autumn,35726.08
5567.28,1011,5.49,0,0.933,Spring,26777.67
6157.9,733,28.6,0,1.096,Spring,24485.57
3405.65,797,31.76,1,1.14,Spring,27701.97
5022.6,310,21.44,0,0.996,Summer,18939.1
2749.78,263,16.69,0,1.191,Autumn,7041.19
5888.57,927,29.51,0,1.139,Autumn,29929.1
4594.36,1074,9.03,0,0.918,Autumn,25876.22
7986.12,168,17.92,0,1.092,Autumn,12623.37
2426.67,165,31.99,0,0.882,Spring,13858.74
539.11,966,14.83,1,1.115,Autumn,23578.31
1089.15,493,34.36,0,0.982,Autumn,15227.16
5925.66,1033,32.69,0,0.848,Winter,38277.48
1251.74,937,11.3,0,0.959,Autumn,23240.54
1975.13,947,25.48,0,0.959,Autumn,26446.37
4106.4,296,22.84,0,0.974,Autumn,15258.86
1144.0,1117,21.74,0,1.095,Spring,19088.78
1004.92,156,33.77,0,1.104,Winter,8922.93
4670.52,1082,4.19,0,0.917,Spring,26250.7
5104.21,979,9.58,0,1.104,Autumn,25877.33
547.23,178,0.44,0,0.878,Winter,2744.65
3878.27,661,13.66,0,0.829,Spring,16573.47
4551.77,691,0.9,1,1.105,Summer,22459.46
3868.83,869,23.54,0,1.164,Spring,26975.36
5240.24,896,26.46,0,0.906,Winter,30391.77
5847.49,671,26.05,0,1.051,Autumn,32185.97
2035.13,576,8.32,0,1.079,Spring,10573.67
4650.81,1057,17.72,1,1.095,Summer,35926.11
798.33,723,29.86,0,1.019,Summer,28786.71
3457.95,384,8.34,0,0.801,Autumn,10552.02
7727.27,994,9.97,1,0.833,Summer,32466.81
6013.29,1182,3.71,0,0.873,Autumn,35490.04
2894.83,482,0.39,0,1.159,Winter,7402.34
4954.55,222,30.28,0,1.189,Winter,17722.51
4502.54,307,5.12,1,0.967,Winter,22648.84
6201.38,732,32.26,0,0.823,Spring,30666.24
2473.13,186,15.64,0,1.02,Summer,14417.65
6571.35,695,23.74,0,1.153,Summer,23736.27
6918.52,88,24.69,0,1.099,Winter,15595.79
5883.31,939,27.46,0,1.133,Winter,30687.32
619.81,623,24.86,0,0.808,Spring,13088.76
936.53,977,22.01,0,1.02,Autumn,25522.16
3726.33,381,11.71,0,1.047,Spring,11372.34
514.32,945,21.35,1,0.853,Autumn,27023.11
4684.44,266,30.33,1,0.98,Spring,25226.81
6355.98,199,25.78,0,1.171,Autumn,17957.98
1710.61,1024,33.1,0,0.841,Winter,32092.76
976.82,356,32.68,1,0.884,Winter,18684.08
7292.41,319,8.32,1,1.151,Autumn,11259.1
5890.64,717,26.6,0,1.179,Spring,30705.48
2372.62,1161,18.09,0,1.029,Spring,26360.72
1739.87,1154,21.04,0,0.824,Winter,30265.3
7470.22,1197,16.32,0,1.18,Summer,35455.07
2600.98,321,3.64,0,1.049,Summer,5852.36
4520.79,1022,15.42,0,1.039,Autumn,32392.32
5916.08,483,0.63,0,0.929,Winter,16866.3
4612.76,91,30.13,0,1.124,Summer,16368.74
969.49,556,34.56,0,0.82,Winter,16344.38
7225.03,850,10.72,0,0.898,Summer,29214.25
2384.05,410,5.92,0,1.036,Spring,13742.32
6591.26,793,32.83,0,0.9,Winter,36144.32
4258.99,508,10.04,0,1.103,Winter,18798.61
5092.95,585,2.89,0,1.028,Summer,18902.19
5286.25,746,0.64,0,1.118,Autumn,20387.44
7214.84,1145,19.97,0,1.089,Spring,28464.21
2106.39,1099,34.13,0,0.884,Autumn,31573.17
2284.96,483,27.68,1,1.113,Spring,16585.41
5525.15,1071,3.78,0,0.935,Summer,30589.79
2446.12,832,18.01,0,1.063,Summer,28992.72
521.35,1071,2.89,0,0.88,Spring,15941.05
2163.19,926,10.87,0,1.176,Summer,18912.73
7757.4,193,27.06,0,1.06,Spring,22064.35
7399.03,1020,11.05,0,1.088,Autumn,31488.12
5796.55,1083,8.67,0,0.915,Summer,25690.7
5429.36,213,27.0,0,1.121,Summer,20790.88
950.8,101,2.42,0,0.997,Winter,864.51
4507.66,173,34.03,1,1.106,Autumn,20877.23
2392.39,260,7.93,0,1.122,Summer,12305.93
7784.66,831,20.51,1,1.199,Winter,31558.48
6209.33,974,25.97,0,1.041,Autumn,31568.5
6599.32,572,34.23,0,0.992,Spring,23427.99
1286.75,1163,3.25,0,1.088,Winter,27056.18
7480.13,230,30.23,0,0.962,Winter,21861.31
3093.0,640,26.39,0,1.156,Spring,20980.81
3696.18,931,9.03,0,1.11,Autumn,28908.11
5466.66,1107,6.23,0,0.885,Autumn,27475.1
5606.67,1171,28.57,0,1.173,Winter,31582.88
3820.35,1182,21.95,0,0.963,Summer,27699.75
5291.87,624,19.35,0,1.172,Summer,24870.27
7433.52,801,13.34,0,0.83,Spring,27296.31
3048.73,1118,0.66,0,1.076,Autumn,29224.28
5375.69,996,16.62,1,1.099,Autumn,31281.88
4611.24,333,30.16,0,0.87,Summer,18155.77
3669.25,1097,31.59,0,0.852,Winter,35748.47
7628.21,629,12.38,0,0.955,Winter,27130.01
1578.62,221,33.93,0,0.845,Winter,10786.13
2854.81,327,23.85,1,0.933,Winter,13900.94
2575.97,1150,28.48,0,0.981,Summer,33990.55
6264.99,401,25.39,0,1.094,Summer,23890.21
6805.92,1038,26.33,0,0.988,Summer,36815.34
1785.07,249,34.96,0,1.128,Autumn,10922.43
6578.54,1017,26.75,0,1.079,Winter,36485.28
804.92,1188,17.51,0,1.097,Autumn,21323.28
2005.37,549,16.87,0,1.13,Spring,18916.18
3796.85,768,11.17,0,0.928,Autumn,17325.24
4133.98,83,3.78,0,0.917,Spring,16512.59
4992.85,153,27.79,0,0.806,Summer,21436.75
7539.67,645,20.05,0,0.929,Spring,28199.61
561.51,123,31.7,0,1.19,Summer,13030.38
4376.59,731,34.78,0,0.948,Autumn,26286.16
3880.08,568,7.72,1,0.835,Autumn,21852.74
3451.04,883,22.52,0,1.056,Autumn,19543.21
7615.48,263,24.18,0,0.861,Winter,22108.12
1347.43,662,18.16,0,1.014,Spring,16829.58
1654.44,248,1.95,0,1.091,Winter,8811.4
3050.51,241,26.87,0,0.947,Summer,15835.08
2771.69,926,34.22,0,1.162,Spring,30229.04
3512.09,679,20.0,1,1.154,Spring,25485.65
3251.4,842,13.62,0,1.186,Winter,22655.52
2220.48,1160,2.59,0,1.092,Winter,22305.85
2560.7,439,7.29,0,1.101,Winter,17079.5
3409.27,997,6.8,0,0.865,Summer,29670.95
1855.49,272,30.89,0,1.077,Winter,9558.25
7574.89,516,32.9,0,1.092,Spring,27512.87
2908.17,341,34.45,0,1.188,Summer,9747.47
1905.16,385,27.21,0,0.943,Summer,18282.94
2104.21,206,4.61,1,1.164,Autumn,10370.72
6698.18,914,4.75,0,0.815,Winter,24455.96
1342.19,317,25.63,0,0.895,Summer,12318.33
3473.14,365,0.24,0,0.876,Spring,5407.51
4446.82,93,26.57,0,0.877,Autumn,16078.08
2758.41,575,1.37,0,1.148,Winter,13174.26
7033.77,735,4.56,0,1.135,Autumn,27064.43
7049.85,841,4.5,1,1.181,Summer,27585.94
7436.06,959,7.77,0,0.821,Autumn,34343.78
5889.33,670,22.22,0,1.061,Winter,29683.54
6835.48,1082,8.35,0,1.176,Summer,29461.19
4776.74,542,23.72,0,0.857,Summer,23814.73
4176.21,839,27.01,0,1.066,Autumn,29022.11
6775.4,453,3.94,0,1.124,Summer,20028.08
6855.7,792,8.63,1,1.114,Spring,20550.81
6952.64,1160,29.41,0,0.913,Autumn,38394.38
3735.11,902,5.61,0,0.838,Autumn,23963.2
3563.38,1113,10.23,0,0.956,Winter,21887.97
2828.74,1023,6.96,1,1.048,Autumn,31386.07
1420.76,1052,26.34,0,0.968,Spring,13686.78
7078.21,446,27.84,0,0.943,Spring,24715.52
2840.03,144,9.81,0,0.942,Spring,9189.02
4319.09,983,28.06,1,0.914,Summer,38890.15
7066.77,660,12.11,0,1.195,Autumn,22151.03
4000.94,656,15.85,0,0.912,Winter,23253.29
2262.5,286,14.82,0,0.976,Spring,10581.01
1981.1,1088,18.99,0,0.807,Spring,28059.47
1797.47,321,31.24,0,1.153,Autumn,8913.76
1380.76,584,6.86,0,0.927,Summer,16021.52
2639.95,1042,24.86,0,0.817,Winter,28155.0
6703.44,100,26.61,0,1.117,Winter,18163.4
5057.84,718,23.44,0,1.007,Autumn,27396.02
3261.94,318,16.97,0,0.958,Autumn,10946.74
4338.96,977,23.8,1,0.809,Spring,34887.42
6556.8,568,7.73,0,0.958,Autumn,17592.12
4900.88,263,9.42,0,1.156,Spring,16095.39
6454.21,608,0.79,0,0.85,Summer,22163.84
4696.15,294,25.77,1,1.018,Summer,25237.53
4605.97,1053,8.39,1,0.97,Summer,33523.28
4174.33,704,5.57,0,0.944,Summer,24764.5
5379.55,495,33.97,0,1.098,Summer,26721.22
4914.97,465,10.77,0,0.854,Autumn,20778.35
4371.51,337,4.08,0,1.186,Winter,6380.35
822.46,518,34.77,0,1.032,Summer,20562.18
6958.52,310,23.59,0,0.858,Spring,27148.82
1283.89,225,3.67,0,1.057,Autumn,5548.64
2307.61,830,15.59,0,0.967,Autumn,22733.45
1781.2,654,19.81,1,1.186,Spring,13863.0
2451.71,238,9.91,0,1.18,Spring,4658.44
4871.09,193,32.6,0,0.98,Autumn,18890.84
3381.17,357,1.6,0,1.166,Winter,13867.58
7505.12,762,23.96,0,0.882,Spring,26435.54
1679.25,553,25.04,0,1.087,Spring,15577.3
3918.02,1049,14.95,0,1.063,Spring,21577.69
5170.03,405,4.05,0,0.927,Summer,16193.3
5822.12,142,8.0,0,0.955,Spring,9109.12
2697.85,395,14.82,0,1.137,Autumn,10785.89
5781.08,921,10.41,0,1.039,Winter,27111.58
1836.78,691,2.41,0,1.067,Autumn,11787.27
3266.4,758,33.03,1,1.052,Autumn,32976.95
2244.51,1136,7.65,1,1.054,Autumn,32890.73
3535.09,1044,22.18,0,1.186,Autumn,29804.39
1008.32,1040,5.42,0,0.832,Autumn,18340.05
4491.45,727,22.98,0,0.838,Autumn,29063.1
6196.83,342,30.89,0,0.958,Spring,20435.05
852.86,228,30.24,0,0.926,Winter,7387.47
2639.19,281,27.5,0,0.899,Summer,18865.46
4356.76,541,28.51,0,1.08,Summer,20988.69
1559.15,1051,25.38,1,1.113,Spring,22384.2
6541.13,291,31.48,0,1.105,Summer,24989.11
2120.94,646,26.85,0,1.152,Autumn,23996.55
4280.43,598,22.01,0,0.817,Summer,27475.85
2999.53,1063,8.88,1,1.149,Winter,27419.49
5615.37,1007,9.83,0,0.845,Autumn,26721.52
3489.37,799,32.24,0,0.885,Summer,32927.79
3833.36,176,23.14,0,0.983,Spring,16027.34
4897.72,643,1.16,0,0.929,Autumn,19526.54
7699.32,899,16.16,0,1.175,Spring,28077.68
2044.53,205,34.32,0,1.147,Winter,17865.62
1757.92,360,23.62,0,0.889,Summer,17216.74
7409.23,504,3.8,0,0.93,Spring,20740.07
1162.71,809,26.99,0,0.994,Autumn,26309.56
4714.61,838,2.11,1,0.941,Spring,26273.98
1447.26,896,5.58,0,0.981,Spring,10291.72
1724.9,347,6.8,0,1.103,Spring,10753.97
1141.25,335,32.81,0,1.051,Spring,10778.67
1643.31,216,32.44,0,0.977,Summer,16139.19
6277.21,1180,29.66,0,0.97,Summer,37176.4
1066.36,324,32.81,0,1.129,Spring,8513.66
6271.69,323,1.69,0,0.869,Summer,15264.8
6268.16,861,5.7,0,0.814,Summer,26771.26
2407.42,412,7.17,0,0.808,Winter,13762.97
3731.24,739,20.76,0,1.005,Autumn,26170.9
1813.01,532,28.68,0,0.846,Spring,21527.75
2248.54,1125,5.28,0,0.866,Autumn,21136.25
3545.96,220,23.25,1,1.176,Autumn,21003.74
5846.04,698,5.42,0,1.131,Winter,24302.74
5544.5,439,9.13,0,1.105,Winter,17237.23
5503.27,1061,19.11,0,1.003,Winter,32343.04
1540.86,1150,1.32,0,0.913,Spring,22109.12
1339.6,735,3.59,1,0.896,Winter,25087.88
2642.04,1198,22.24,0,0.915,Spring,27678.04
2177.27,598,28.65,0,0.964,Autumn,19270.54
3831.09,568,26.06,0,0.943,Winter,26218.55
4868.81,346,25.84,0,1.019,Spring,20137.66
3476.71,775,13.09,0,1.196,Spring,21216.04
3853.81,552,16.25,0,0.953,Summer,17552.84
3991.29,440,8.07,0,1.034,Summer,20964.17
3882.02,671,28.45,0,0.836,Autumn,25737.3
5317.48,753,0.15,0,1.107,Spring,25117.55
683.82,379,7.2,0,1.036,Summer,12421.47
4731.94,426,21.48,0,1.123,Winter,12884.06
2117.21,470,6.88,0,1.002,Autumn,16289.81
1148.01,439,31.53,0,0.914,Winter,17195.01
5102.46,326,3.82,0,0.826,Spring,17605.4
2769.19,201,2.98,0,1.092,Spring,11961.02
5204.31,241,17.29,0,0.923,Summer,18396.6
3245.19,923,17.7,0,0.904,Spring,22979.05
3322.09,1157,27.29,0,0.957,Summer,33716.35
6283.07,386,25.59,1,0.858,Spring,30938.39
6449.94,789,0.46,0,0.928,Spring,24113.88
7341.87,757,34.39,0,0.8,Spring,32667.51
4028.29,793,33.92,1,1.003,Winter,32021.52
2808.19,779,19.47,0,1.188,Spring,17273.15
4099.6,357,24.86,0,0.906,Summer,21552.01
7110.98,192,16.22,0,0.976,Autumn,20635.57
1062.81,168,6.97,0,1.016,Summer,1337.53
3603.37,986,12.93,0,1.017,Summer,34068.66
914.77,1106,25.14,0,0.899,Winter,24596.49
724.09,1199,33.97,0,0.851,Autumn,30662.69
3296.56,411,15.28,0,0.839,Autumn,20164.96
6156.84,147,26.28,1,1.184,Spring,19132.52
5126.69,1175,25.92,1,0.972,Spring,37427.12
6641.87,602,34.15,0,0.895,Spring,30585.05
6753.99,829,0.4,0,1.129,Spring,22156.77
7736.19,121,5.09,1,1.141,Autumn,15267.3
4921.07,523,9.36,0,1.139,Spring,17623.34
3861.09,137,12.3,0,1.173,Spring,5792.38
1108.39,736,15.72,0,1.089,Summer,16996.17
5020.67,180,28.12,0,1.024,Autumn,20967.62
5068.67,824,17.71,0,0.984,Autumn,25800.86
2643.22,282,27.12,0,0.949,Winter,21829.04
1121.54,1133,20.1,0,1.163,Summer,21833.24
3171.8,850,32.82,0,0.868,Summer,28013.37
7406.99,862,16.34,0,1.158,Winter,29554.29
6949.88,1091,5.3,0,1.198,Autumn,33783.91
4692.08,764,18.32,0,1.031,Spring,29878.19
3155.77,1053,1.85,0,0.99,Winter,17666.09
2578.99,843,34.21,0,1.1,Summer,26213.96
7080.68,252,18.8,0,0.856,Summer,19166.85
3570.1,609,9.82,0,0.96,Winter,16963.39
2847.09,212,2.82,0,1.119,Autumn,11987.22
1531.78,394,18.87,0,1.128,Winter,10303.21
6993.74,124,24.57,0,1.098,Spring,18698.74
5095.53,1046,7.37,0,1.109,Spring,26015.0
746.61,1111,18.71,0,0.905,Autumn,28211.96
673.02,797,1.04,0,1.029,Spring,11664.48
1281.25,966,9.99,0,1.042,Autumn,23720.83
2359.51,803,16.88,1,0.824,Winter,21453.93
5152.33,778,26.74,0,0.905,Summer,26271.92
7286.91,181,11.63,0,1.136,Spring,17428.86
7340.42,838,21.83,0,1.064,Winter,30300.64
4520.22,1113,10.94,0,1.022,Summer,30662.96
5522.86,92,25.95,0,0.958,Spring,17283.19
4082.91,733,19.24,1,0.928,Summer,30015.73
6469.08,649,24.22,0,1.004,Winter,32168.36
