area_sqft,bedrooms,bathrooms,floors,house_age,distance_to_city_km,school_rating,crime_index,garage_spaces,neighborhood,condition,price
966,5,1,2,24,29.19,3.64,7.14,2,Suburban,Standard,215636.0
3397,3,3,2,23,21.2,8.45,2.81,0,Suburban,Standard,863193.0
2973,5,3,1,8,9.33,2.85,4.46,3,Urban,Standard,764816.0
2208,4,3,2,31,26.35,6.92,2.32,0,Family,Renovated,589821.0
2187,4,2,3,27,3.87,7.97,5.97,3,Premium,Renovated,703980.0
3698,5,4,1,30,27.33,8.01,7.56,1,Suburban,Renovated,912293.0
955,3,2,1,18,21.06,3.52,4.19,1,Suburban,Standard,242663.0
3125,4,3,3,35,4.77,2.49,2.47,0,Urban,Standard,731720.0
1365,2,2,2,15,3.7,5.59,3.04,3,Urban,Renovated,511303.0
984,5,1,3,32,26.53,3.62,8.36,2,Premium,Standard,227854.0
2519,4,3,2,8,10.96,7.59,3.41,0,Suburban,Standard,736529.0
4113,4,1,3,9,31.24,4.85,7.97,0,Family,Standard,846826.0
3261,3,4,2,21,26.91,5.59,3.98,2,Premium,Standard,846385.0
3352,5,3,1,22,24.74,2.91,2.7,3,Premium,Standard,919133.0
3197,1,2,3,29,10.47,6.54,7.55,0,Family,Needs Work,655341.0
3440,1,2,2,11,25.1,3.48,5.22,0,Urban,Renovated,714870.0
2471,3,3,1,34,33.24,7.43,1.28,2,Premium,Renovated,687679.0
1104,4,2,2,13,4.11,2.57,9.64,0,Premium,Renovated,360759.0
3631,5,2,2,21,12.09,9.81,2.33,1,Suburban,Standard,984346.0
2248,3,2,1,37,8.98,7.48,4.18,0,Urban,Needs Work,491911.0
2426,4,2,3,21,14.37,3.45,4.46,1,Urban,Standard,586629.0
1966,3,4,1,27,26.24,2.11,5.4,2,Urban,Renovated,412530.0
1298,5,1,1,36,17.12,4.68,8.07,1,Suburban,Standard,242737.0
3940,4,4,2,38,20.4,3.22,1.05,1,Urban,Renovated,922068.0
3424,3,2,3,19,11.68,3.75,9.39,1,Premium,Standard,782958.0
2935,5,3,3,16,5.8,8.98,6.81,2,Urban,Standard,839484.0
2078,1,1,3,7,10.08,6.83,9.56,0,Urban,Renovated,457310.0
3570,5,2,1,21,30.23,3.41,8.36,0,Suburban,Standard,713762.0
2586,1,4,3,36,21.48,6.45,9.35,0,Urban,Renovated,577969.0
2224,2,2,3,19,13.85,4.05,6.41,3,Family,Standard,515153.0
2249,5,1,2,13,27.86,9.81,4.22,2,Suburban,Needs Work,540767.0
1456,4,3,2,4,3.19,2.26,4.99,0,Urban,Needs Work,433146.0
977,5,1,1,15,9.63,7.86,6.92,1,Urban,Renovated,310237.0
2618,4,2,3,9,8.82,8.18,4.84,1,Suburban,Standard,727557.0
3802,4,2,3,39,34.5,2.54,7.59,0,Premium,Renovated,828933.0
876,2,3,2,21,25.01,3.37,1.83,3,Family,Renovated,300241.0
3696,1,3,2,5,22.0,5.07,8.47,3,Suburban,Standard,847505.0
3588,1,3,2,2,1.17,8.95,2.84,0,Premium,Renovated,1027944.0
1632,2,4,1,34,7.27,6.3,9.5,0,Suburban,Renovated,428762.0
2892,1,1,2,37,22.61,7.24,2.4,1,Family,Standard,623832.0
1236,3,2,3,30,13.91,8.26,2.16,2,Suburban,Renovated,461610.0
3341,4,1,3,4,32.43,8.62,8.31,3,Suburban,Standard,761391.0
3136,5,1,3,3,27.0,5.81,8.37,1,Premium,Standard,835324.0
1908,3,1,2,7,16.21,6.07,7.65,1,Family,Standard,441465.0
891,5,3,3,30,26.48,7.74,9.64,0,Suburban,Renovated,285142.0
4095,5,4,2,30,34.16,4.11,3.43,0,Family,Needs Work,851047.0
2232,5,4,2,33,16.67,8.84,8.44,0,Family,Standard,551302.0
3820,3,3,2,3,22.85,2.17,4.17,1,Urban,Standard,826196.0
3056,2,4,3,6,32.23,3.57,5.84,2,Family,Needs Work,640194.0
3413,5,1,3,36,9.45,8.4,5.01,0,Premium,Renovated,919844.0
3347,2,4,1,37,31.14,4.72,1.05,0,Suburban,Renovated,747390.0
1340,3,4,1,29,4.32,3.2,6.17,3,Suburban,Needs Work,378628.0
1941,1,1,2,4,23.05,3.49,7.73,3,Family,Standard,387112.0
2306,4,2,2,2,27.62,6.25,2.57,2,Premium,Renovated,682079.0
2417,4,4,3,2,21.9,8.77,9.38,2,Suburban,Standard,661431.0
805,1,2,2,27,17.85,2.57,5.77,2,Urban,Needs Work,137959.0
2590,2,4,2,33,21.99,2.24,2.6,1,Suburban,Renovated,626915.0
1197,3,4,3,25,6.16,5.72,6.81,0,Family,Renovated,400872.0
3288,3,2,2,10,8.33,9.65,2.73,1,Premium,Standard,908573.0
3074,5,1,2,30,10.18,4.23,1.57,2,Urban,Standard,707162.0
3924,2,2,2,2,21.32,9.67,7.17,2,Family,Renovated,938848.0
3293,5,1,2,33,16.02,9.1,2.0,2,Family,Standard,865624.0
1951,3,2,3,35,9.31,4.27,1.96,2,Suburban,Standard,531385.0
4084,5,3,3,28,31.02,8.54,7.66,0,Urban,Renovated,923009.0
2108,2,2,2,35,13.71,7.49,1.5,2,Suburban,Standard,544303.0
1806,1,1,2,23,16.17,6.09,8.29,3,Urban,Standard,356890.0
3864,1,2,2,18,14.93,5.38,8.17,2,Suburban,Standard,829722.0
1965,2,3,1,12,7.19,8.52,2.27,2,Premium,Standard,671860.0
921,5,1,2,36,25.88,8.34,5.67,0,Family,Standard,231540.0
2316,1,1,1,27,16.25,8.06,1.87,3,Suburban,Standard,630864.0
3474,2,4,1,7,1.55,9.99,6.69,1,Family,Standard,956018.0
1322,1,1,1,38,33.78,5.83,1.57,1,Family,Renovated,308926.0
2293,5,2,2,2,28.74,8.46,9.5,1,Urban,Standard,567648.0
1111,4,1,1,23,25.6,8.9,2.87,0,Urban,Needs Work,252142.0
3086,4,1,2,7,30.55,3.69,7.15,3,Premium,Standard,749693.0
2338,4,2,2,26,31.83,2.34,2.15,2,Family,Standard,503014.0
1822,4,3,2,16,12.47,5.24,2.89,1,Suburban,Renovated,605256.0
1455,4,1,3,17,21.77,8.85,5.06,3,Premium,Standard,505731.0
2653,1,1,2,26,21.7,4.31,6.16,0,Premium,Standard,595540.0
3027,5,1,3,30,10.09,7.6,9.99,1,Premium,Renovated,814158.0
3988,4,3,3,15,8.55,2.06,1.23,2,Premium,Needs Work,1063773.0
2201,4,4,1,39,4.87,4.84,1.0,0,Urban,Standard,544984.0
1220,2,1,1,19,23.42,6.92,4.15,2,Urban,Renovated,361096.0
3606,5,2,2,6,27.55,3.04,4.3,3,Urban,Standard,815059.0
2885,2,2,3,0,26.87,9.17,8.95,2,Family,Renovated,689774.0
3135,1,2,1,8,11.75,3.25,9.21,0,Family,Renovated,668042.0
995,5,1,1,27,7.98,9.28,8.92,2,Family,Renovated,308904.0
1758,2,1,3,21,16.42,3.73,2.29,1,Urban,Needs Work,386810.0
3375,1,3,3,13,19.59,9.95,4.71,2,Suburban,Renovated,865047.0
3604,4,2,1,19,32.25,6.84,7.71,2,Urban,Standard,771618.0
2195,2,2,2,33,30.74,2.67,3.81,0,Suburban,Standard,455938.0
3506,5,2,2,22,32.15,2.52,6.97,0,Suburban,Renovated,744998.0
3638,3,4,1,2,29.91,2.6,3.13,0,Family,Standard,815452.0
2025,1,3,1,1,33.8,6.72,3.91,0,Urban,Renovated,453612.0
3838,5,2,2,19,16.83,8.48,8.74,1,Premium,Standard,966888.0
1673,3,1,2,16,2.61,5.22,3.25,0,Family,Standard,524121.0
1500,2,4,1,34,3.84,5.56,9.68,3,Premium,Standard,478230.0
3072,4,4,2,23,14.27,6.71,3.76,3,Urban,Renovated,820361.0
2910,3,1,1,30,9.76,6.26,1.21,0,Family,Standard,679970.0
1146,1,4,3,23,6.78,7.5,3.29,1,Premium,Needs Work,431464.0
3606,4,3,1,13,33.41,5.77,2.54,2,Suburban,Needs Work,826814.0
1359,3,1,1,26,7.64,7.71,5.56,2,Premium,Renovated,468585.0
3507,4,4,1,24,33.62,9.98,2.01,2,Family,Standard,891942.0
676,5,1,3,28,26.87,4.8,6.63,3,Suburban,Standard,165364.0
3478,4,1,3,7,22.79,2.1,8.87,2,Suburban,Standard,725940.0
3443,4,1,2,25,23.98,3.01,4.26,2,Suburban,Standard,761232.0
3420,2,2,1,11,12.27,6.43,2.52,2,Urban,Standard,790723.0
3010,2,3,3,31,22.98,4.75,4.6,2,Family,Standard,698118.0
2324,3,2,2,31,7.35,9.52,8.07,1,Urban,Renovated,607306.0
3153,5,1,3,24,32.88,7.02,6.32,2,Suburban,Renovated,706244.0
1633,3,1,2,37,11.26,6.16,1.91,3,Suburban,Standard,450075.0
3421,2,4,3,21,9.68,8.38,5.83,1,Suburban,Standard,837409.0
2622,4,4,3,1,25.18,4.07,5.21,0,Suburban,Standard,684624.0
2279,5,4,1,24,23.32,8.56,3.94,2,Premium,Renovated,726428.0
2444,5,1,3,31,16.34,2.02,1.99,3,Suburban,Standard,642399.0
2669,2,4,1,4,22.5,6.96,9.83,3,Urban,Standard,653460.0
782,4,3,2,4,6.42,9.48,2.58,2,Family,Renovated,413566.0
1146,3,3,1,10,23.89,8.3,2.73,3,Family,Standard,336357.0
1521,3,1,3,33,10.2,8.83,2.31,1,Suburban,Standard,436861.0
1056,2,4,1,21,10.28,5.18,6.13,1,Suburban,Needs Work,259654.0
2210,1,2,2,39,6.51,8.59,4.99,1,Urban,Standard,573585.0
3022,2,1,2,34,12.3,6.41,3.25,1,Urban,Standard,672569.0
2973,3,1,3,22,12.26,6.95,4.86,2,Suburban,Renovated,791096.0
2322,5,2,3,27,16.44,2.47,7.06,3,Family,Standard,537816.0
3685,5,1,1,13,7.47,3.61,3.54,1,Premium,Needs Work,909178.0
2656,1,2,3,3,7.56,6.41,9.24,0,Suburban,Renovated,674607.0
931,4,2,1,15,19.42,2.47,3.76,3,Family,Renovated,322098.0
3365,1,4,2,23,5.38,7.93,2.78,3,Suburban,Standard,901711.0
2689,4,1,2,7,24.42,8.72,9.59,3,Suburban,Standard,628390.0
2903,2,3,2,8,33.09,9.36,8.3,1,Suburban,Standard,721572.0
2657,3,4,3,0,15.51,2.81,4.09,2,Urban,Standard,669397.0
2615,4,4,3,29,31.64,9.52,8.57,2,Family,Needs Work,601038.0
971,3,4,2,35,4.34,2.54,5.67,3,Suburban,Standard,238014.0
2635,5,1,3,33,2.46,5.79,4.12,3,Premium,Renovated,811055.0
3471,3,4,1,15,25.53,8.72,8.56,3,Suburban,Standard,844767.0
1729,5,4,1,23,26.87,2.56,7.77,1,Family,Standard,392095.0
2790,4,2,2,38,29.66,2.15,3.68,0,Premium,Needs Work,587000.0
759,2,2,2,23,2.93,2.2,6.46,0,Suburban,Renovated,220882.0
1883,4,3,3,11,27.41,6.09,4.32,3,Urban,Needs Work,461469.0
2200,3,2,3,13,13.8,8.49,1.01,3,Family,Standard,664886.0
4138,3,2,1,29,11.31,3.02,9.66,0,Suburban,Standard,877290.0
1411,1,4,1,17,6.88,3.0,5.95,1,Suburban,Needs Work,337050.0
1631,1,4,3,33,34.86,6.55,6.39,0,Family,Standard,365949.0
2100,3,2,2,34,3.16,3.87,6.4,1,Urban,Renovated,511437.0
4173,1,4,1,1,29.12,7.84,5.96,2,Suburban,Standard,965265.0
3679,5,2,3,28,22.74,9.6,3.61,2,Suburban,Standard,934643.0
773,5,4,2,14,25.99,8.13,9.74,1,Suburban,Standard,243774.0
1480,4,3,3,20,25.2,9.02,6.6,1,Suburban,Standard,440846.0
3566,4,2,3,10,30.19,6.16,7.04,2,Suburban,Standard,786322.0
856,3,1,3,14,7.25,8.66,5.09,2,Urban,Standard,285464.0
3687,1,3,2,13,1.03,3.46,3.59,0,Urban,Standard,807387.0
1648,2,2,3,2,21.35,2.55,1.58,0,Urban,Standard,390605.0
3907,3,1,3,31,13.03,7.25,4.15,1,Family,Renovated,978038.0
1692,5,1,1,5,5.21,2.42,2.58,1,Suburban,Standard,479656.0
2191,2,4,1,15,7.33,9.14,6.96,3,Suburban,Renovated,686367.0
2999,3,1,1,7,12.28,7.53,8.91,3,Suburban,Needs Work,755860.0
1098,2,4,2,6,3.39,9.62,3.72,2,Premium,Standard,538337.0
2627,1,4,2,14,2.94,4.51,4.0,0,Urban,Standard,635773.0
2442,1,1,1,36,32.14,5.89,7.03,0,Suburban,Standard,424383.0
3432,2,3,2,37,11.61,7.93,2.34,1,Premium,Renovated,937258.0
4186,1,3,1,15,34.4,3.94,9.36,2,Suburban,Standard,826664.0
3008,1,2,2,20,33.79,6.33,4.27,2,Family,Standard,631318.0
2102,2,3,2,39,5.85,7.28,1.91,0,Family,Renovated,617789.0
2092,2,2,2,9,25.31,9.83,2.57,3,Family,Standard,605922.0
2133,3,2,2,37,21.43,7.96,9.39,1,Urban,Standard,406708.0
3539,1,2,2,4,24.48,2.95,3.22,2,Urban,Standard,742390.0
1790,2,4,3,9,4.27,5.8,6.96,0,Urban,Renovated,517224.0
1242,3,3,3,13,7.41,6.71,2.41,3,Family,Standard,470710.0
1836,5,2,3,1,3.61,3.17,2.75,2,Family,Standard,595839.0
730,4,4,2,32,21.54,5.46,8.91,0,Family,Renovated,294498.0
1026,5,4,2,34,34.54,4.27,2.33,1,Suburban,Standard,276387.0
969,2,4,1,15,23.85,2.95,1.17,1,Family,Renovated,298149.0
3389,3,3,2,33,25.17,6.1,5.51,0,Suburban,Renovated,803378.0
3214,3,2,1,30,34.48,3.33,8.76,3,Family,Standard,601744.0
3123,5,4,2,32,24.05,6.72,3.93,3,Suburban,Renovated,828087.0
2289,5,2,1,32,2.37,3.36,2.15,3,Urban,Standard,583431.0
3195,5,2,2,22,30.48,7.79,9.84,1,Urban,Needs Work,593777.0
1222,4,2,3,4,13.4,3.56,7.09,2,Family,Standard,356732.0
3847,3,4,3,36,1.15,9.17,8.66,1,Suburban,Standard,964659.0
2428,3,3,2,24,18.25,2.21,7.77,1,Suburban,Standard,562671.0
3980,5,2,1,36,32.86,6.18,7.28,2,Suburban,Standard,853232.0
1190,2,2,1,38,9.75,4.56,4.46,1,Suburban,Standard,261095.0
2415,2,2,1,7,17.71,3.8,3.92,3,Family,Standard,572857.0
3121,5,3,3,16,6.91,5.77,7.45,0,Urban,Needs Work,691913.0
2409,2,2,3,7,2.96,8.74,7.45,0,Urban,Renovated,632388.0
2233,2,3,2,2,3.74,9.32,9.56,3,Family,Standard,655484.0
1240,3,2,1,38,25.72,4.43,6.12,3,Suburban,Needs Work,230081.0
2002,2,2,1,36,30.38,3.23,3.65,3,Urban,Standard,403131.0
1497,5,4,3,37,5.87,7.76,5.41,1,Urban,Standard,421369.0
1720,5,2,1,35,10.8,6.66,6.52,1,Urban,Standard,421058.0
3077,2,1,1,25,7.63,3.61,4.84,0,Suburban,Standard,663899.0
2887,3,2,1,20,1.91,8.08,8.12,1,Urban,Needs Work,695492.0
2805,5,3,1,39,19.82,6.15,6.26,2,Urban,Renovated,691695.0
1934,4,1,2,22,24.8,7.23,1.08,1,Premium,Standard,583520.0
4056,2,2,3,25,23.03,4.87,6.13,1,Family,Needs Work,879383.0
961,3,1,1,8,14.19,5.51,6.7,0,Family,Renovated,274175.0
1866,4,3,3,29,19.87,3.44,9.24,1,Suburban,Standard,457750.0
1068,4,3,1,32,4.2,8.05,4.72,2,Suburban,Standard,364477.0
1853,1,4,1,27,6.25,3.26,6.17,2,Family,Standard,423389.0
4064,2,2,1,19,32.68,8.23,5.27,2,Family,Standard,910735.0
1950,5,4,3,7,26.89,8.38,5.78,3,Suburban,Standard,561166.0
3875,2,1,2,1,32.37,7.97,1.61,0,Suburban,Needs Work,881984.0
2407,2,4,3,25,32.17,2.16,9.08,1,Suburban,Standard,483330.0
3133,2,3,1,27,23.08,4.19,9.19,2,Suburban,Renovated,715542.0
2273,1,4,1,30,32.56,5.75,5.93,1,Suburban,Standard,482592.0
1593,1,4,3,38,15.17,6.76,6.01,3,Urban,Standard,403767.0
3363,2,3,1,19,1.12,9.35,1.52,0,Family,Standard,907328.0
4090,5,2,1,33,3.13,5.0,6.38,0,Suburban,Standard,936353.0
1585,1,3,2,28,4.72,9.0,4.86,1,Suburban,Standard,455724.0
3414,2,4,2,11,4.24,3.31,7.38,1,Urban,Standard,809937.0
1577,1,4,1,33,12.96,4.97,1.42,3,Family,Standard,432684.0
3194,3,4,2,2,24.84,2.42,7.4,1,Premium,Standard,778805.0
3450,2,1,3,23,27.88,7.94,3.58,1,Urban,Standard,754618.0
2245,4,3,2,37,21.07,3.21,6.87,0,Suburban,Needs Work,497276.0
3266,3,1,2,26,5.98,4.06,6.64,1,Premium,Needs Work,755857.0
1616,4,3,1,37,26.43,8.2,3.04,2,Family,Standard,421237.0
931,4,4,2,2,13.06,6.28,4.96,2,Urban,Standard,316416.0
992,3,1,3,21,1.44,2.11,8.52,2,Family,Standard,250658.0
2236,5,3,2,31,10.54,2.02,6.45,1,Suburban,Standard,557225.0
3854,3,4,3,25,12.24,6.09,1.62,0,Urban,Standard,963074.0
1102,5,4,1,35,10.32,4.44,4.99,0,Urban,Renovated,348207.0
2268,5,2,1,18,28.6,3.44,3.81,0,Urban,Standard,513822.0
3149,3,1,2,27,26.84,6.91,6.77,2,Suburban,Standard,708177.0
1368,4,4,1,16,24.65,3.83,6.53,3,Suburban,Standard,400592.0
3211,2,4,2,34,5.73,6.74,1.09,3,Premium,Standard,937672.0
1736,5,3,3,4,28.47,5.03,6.47,1,Urban,Needs Work,452120.0
3520,4,4,2,10,24.02,3.49,7.61,0,Family,Standard,792233.0
2706,5,1,2,3,7.62,3.1,7.92,2,Urban,Renovated,641129.0
2591,2,3,3,28,23.04,3.89,1.53,0,Suburban,Standard,623299.0
1277,4,1,1,9,17.44,2.24,3.73,2,Family,Renovated,373965.0
2294,3,4,3,12,15.94,4.47,4.79,1,Family,Standard,641778.0
3690,1,3,1,33,4.81,9.22,2.62,3,Premium,Standard,1026567.0
719,1,4,3,14,18.62,8.65,4.79,2,Premium,Needs Work,378292.0
3342,3,3,2,5,4.4,4.98,1.64,2,Urban,Standard,885183.0
2399,2,1,1,0,6.58,6.61,2.02,1,Urban,Needs Work,598352.0
3204,1,1,3,9,5.51,6.54,7.02,3,Suburban,Standard,748366.0
3004,3,2,1,36,33.44,8.63,3.36,2,Urban,Standard,663941.0
2183,4,3,2,21,10.69,3.89,7.4,2,Suburban,Standard,541729.0
1745,2,1,3,39,13.08,4.37,1.43,1,Urban,Standard,398833.0
2876,5,4,3,8,11.95,4.41,6.06,1,Family,Needs Work,731580.0
1147,4,1,3,14,31.54,2.33,4.52,3,Family,Standard,272813.0
2723,3,2,2,6,20.14,4.52,8.17,1,Family,Renovated,645160.0
986,5,1,2,15,32.25,9.02,8.06,0,Premium,Needs Work,315022.0
2956,3,2,1,22,11.2,9.3,4.38,1,Urban,Standard,663728.0
2882,1,2,3,32,4.9,2.88,6.6,1,Urban,Standard,613900.0
949,1,1,2,14,19.91,5.66,3.05,1,Premium,Standard,340710.0
3339,5,3,3,30,12.75,5.05,6.22,0,Premium,Standard,911269.0
2126,5,4,2,25,28.26,5.91,1.73,0,Suburban,Standard,590165.0
3443,4,4,3,11,30.9,6.44,4.91,1,Suburban,Standard,887340.0
797,1,2,1,36,17.07,2.16,2.64,1,Suburban,Standard,166502.0
1287,2,4,3,17,34.03,8.74,8.95,0,Urban,Standard,300228.0
2403,1,4,1,6,19.8,9.79,5.0,1,Suburban,Renovated,698127.0
1318,1,4,1,38,10.21,7.23,6.32,1,Suburban,Renovated,389412.0
1821,2,2,2,36,17.63,7.28,4.24,0,Premium,Needs Work,447105.0
2995,3,4,2,1,2.27,6.22,3.6,1,Family,Standard,823020.0
1163,1,3,3,36,28.34,4.67,2.83,1,Suburban,Standard,241042.0
3055,5,1,2,37,4.45,3.19,9.21,0,Premium,Standard,737659.0
1017,3,2,1,33,11.5,6.67,8.2,3,Family,Standard,273113.0
1271,2,3,1,10,20.22,2.36,2.2,0,Urban,Standard,288896.0
2736,3,1,2,25,2.46,8.6,7.72,2,Premium,Standard,739983.0
3466,4,2,2,21,3.7,5.37,4.77,2,Suburban,Standard,884147.0
1255,2,4,2,24,24.67,5.32,1.14,3,Suburban,Standard,403052.0
1714,1,1,1,24,3.44,4.62,5.76,2,Urban,Renovated,388787.0
3934,1,2,2,25,17.22,9.75,2.17,2,Family,Renovated,946743.0
4163,5,1,2,20,12.52,3.4,2.89,3,Family,Needs Work,972030.0
2712,1,3,3,27,8.75,3.21,7.26,3,Urban,Standard,568478.0
2236,4,1,2,21,7.42,3.32,3.31,0,Urban,Standard,539533.0
1881,2,4,3,0,26.96,7.27,9.03,3,Urban,Standard,523283.0
2824,4,1,1,1,33.35,9.94,6.91,1,Family,Standard,708552.0
2747,1,4,3,38,5.77,3.88,8.49,0,Suburban,Renovated,670398.0
1696,5,4,1,36,33.63,9.24,6.54,2,Urban,Needs Work,411798.0
730,4,4,1,23,21.22,4.23,8.82,3,Family,Standard,268572.0
1187,3,4,3,6,22.82,7.18,4.26,0,Suburban,Renovated,373191.0
4052,2,1,2,31,25.14,2.32,5.94,0,Suburban,Standard,785741.0
2134,5,4,2,5,24.94,5.97,5.64,3,Suburban,Needs Work,600322.0
2362,2,3,2,15,28.87,7.24,9.13,2,Suburban,Standard,534942.0
2308,3,4,3,13,17.44,6.29,2.48,0,Suburban,Renovated,708047.0
3428,2,4,1,0,19.13,3.9,6.2,3,Suburban,Standard,825127.0
880,2,3,1,32,12.01,8.63,7.79,1,Suburban,Renovated,305502.0
943,3,2,1,20,4.58,9.76,4.33,1,Family,Standard,351051.0
1629,1,1,3,12,23.6,5.67,8.81,1,Suburban,Needs Work,302260.0
2377,1,1,1,20,2.14,7.09,4.36,2,Family,Standard,582013.0
3032,2,2,2,0,10.37,8.32,2.56,0,Suburban,Renovated,846313.0
2392,1,4,2,17,4.2,3.93,6.26,1,Family,Renovated,608945.0
2216,3,3,1,20,7.48,8.92,4.79,1,Suburban,Standard,653118.0
3979,5,2,2,13,22.72,4.24,1.14,0,Family,Needs Work,923916.0
1221,1,1,1,33,22.37,8.21,1.63,3,Suburban,Renovated,383643.0
2679,1,3,1,9,15.32,2.9,2.76,0,Urban,Standard,570449.0
2574,1,3,1,5,4.07,4.31,7.92,3,Urban,Needs Work,543565.0
2330,3,4,3,21,15.73,6.27,9.03,0,Urban,Renovated,586251.0
3516,2,3,2,35,12.99,6.2,5.91,1,Family,Standard,872547.0
1597,3,3,3,15,25.5,8.8,1.95,0,Family,Standard,505432.0
4035,1,4,2,1,20.69,9.97,5.81,1,Family,Needs Work,950416.0
1827,2,2,1,38,17.71,2.86,8.7,2,Urban,Needs Work,302417.0
2584,3,4,2,17,17.56,4.17,7.75,0,Family,Renovated,653177.0
2498,3,2,3,6,33.85,4.86,3.62,2,Premium,Standard,619018.0
3666,3,1,2,24,26.71,5.83,2.12,3,Suburban,Needs Work,845173.0
2208,4,2,1,12,17.9,5.95,9.11,1,Suburban,Standard,523759.0
1660,3,1,1,37,17.29,8.85,8.69,0,Premium,Standard,426532.0
726,5,1,3,11,1.9,8.16,1.48,2,Urban,Needs Work,330979.0
1941,3,4,2,22,33.05,2.15,8.41,0,Suburban,Standard,416246.0
3583,2,4,3,21,11.85,5.64,1.87,0,Premium,Standard,937552.0
685,2,1,2,9,9.7,6.94,1.57,1,Urban,Standard,212011.0
3831,2,4,1,19,34.98,5.68,7.83,1,Suburban,Standard,826441.0
2577,3,1,3,4,25.44,3.05,5.83,0,Suburban,Standard,514508.0
1147,2,2,3,25,2.61,5.18,4.73,3,Premium,Standard,418158.0
1722,5,3,3,30,3.1,5.29,9.13,2,Family,Needs Work,482311.0
2616,3,2,3,38,1.87,3.5,8.55,3,Family,Needs Work,590551.0
1770,5,3,1,13,21.39,8.05,1.52,1,Premium,Needs Work,602684.0
1035,4,4,3,11,3.43,4.57,6.54,1,Suburban,Standard,404910.0
3014,2,1,1,21,32.74,6.71,7.95,3,Premium,Standard,742591.0
3036,2,1,3,27,32.85,6.13,5.95,0,Suburban,Needs Work,577802.0
1072,4,4,1,39,19.57,9.02,9.85,1,Urban,Renovated,320782.0
1648,2,3,2,1,21.97,2.98,7.17,3,Premium,Standard,458268.0
1515,2,3,3,9,10.92,2.91,1.94,1,Premium,Needs Work,495303.0
2990,5,2,1,10,3.18,4.4,2.78,3,Suburban,Needs Work,779670.0
3242,3,2,1,10,26.07,5.45,8.44,1,Family,Standard,741051.0
3230,1,3,3,18,4.46,4.39,9.97,1,Premium,Needs Work,755772.0
3982,3,3,1,34,3.91,8.11,1.89,3,Suburban,Standard,1055943.0
3378,3,1,2,1,11.58,3.96,1.9,0,Urban,Needs Work,777847.0
1788,5,3,3,32,1.42,2.68,7.87,3,Urban,Renovated,499855.0
1032,4,3,2,24,15.76,5.31,1.58,0,Suburban,Standard,359225.0
2831,1,1,2,24,25.06,8.19,1.62,1,Suburban,Standard,666330.0
3901,1,2,2,27,28.25,8.8,9.0,2,Urban,Renovated,850884.0
4111,4,4,2,4,21.55,7.87,8.2,2,Urban,Standard,981888.0
1467,1,3,2,29,29.79,6.46,8.93,3,Urban,Renovated,302772.0
1489,2,1,2,9,14.82,7.79,6.85,3,Family,Renovated,429813.0
782,1,1,1,20,29.86,7.45,3.9,2,Family,Standard,138608.0
1151,1,3,2,27,18.22,3.87,9.16,2,Suburban,Needs Work,237580.0
2619,5,2,3,24,8.58,6.41,3.69,1,Urban,Standard,651224.0
2591,1,4,3,12,33.1,8.16,3.48,3,Urban,Standard,633590.0
1966,1,3,1,15,10.35,4.54,8.98,2,Urban,Standard,452358.0
1750,5,4,3,19,1.89,7.23,7.13,0,Suburban,Standard,585385.0
3595,1,1,3,1,9.25,5.85,9.06,3,Urban,Standard,767379.0
2283,5,2,1,29,13.47,6.03,2.4,1,Suburban,Renovated,634926.0
3519,1,1,3,3,12.95,2.72,9.57,1,Family,Standard,749326.0
4069,1,3,2,18,18.84,7.33,6.51,1,Suburban,Standard,932396.0
1775,1,1,2,26,31.03,8.93,7.01,3,Family,Standard,416826.0
1369,4,2,3,3,10.94,3.13,9.23,1,Urban,Renovated,355443.0
4032,4,2,2,39,18.71,4.93,4.43,1,Suburban,Standard,849604.0
2903,3,1,2,15,12.56,2.39,7.48,0,Family,Needs Work,604762.0
1682,2,1,1,0,28.94,2.24,6.76,1,Suburban,Standard,317780.0
2857,1,3,3,26,6.36,9.92,8.09,0,Premium,Standard,734617.0
2478,3,4,3,22,4.52,5.95,9.07,2,Family,Standard,645250.0
3864,2,1,1,25,18.1,4.84,7.12,3,Suburban,Standard,858745.0
1558,3,2,3,30,23.84,4.2,1.61,1,Suburban,Standard,359806.0
4169,4,1,1,19,28.05,9.84,2.65,3,Suburban,Standard,1059504.0
3972,5,4,2,33,21.05,4.02,9.59,3,Urban,Renovated,884175.0
1291,3,2,3,14,27.31,7.81,9.72,0,Urban,Renovated,322201.0
1234,1,4,1,21,14.35,4.27,9.71,2,Urban,Standard,237050.0
2542,2,1,2,6,2.12,2.56,1.33,2,Family,Standard,648952.0
809,5,1,1,24,4.95,7.47,4.44,1,Premium,Standard,365764.0
1710,3,3,3,10,2.32,2.01,7.84,3,Suburban,Renovated,473579.0
2194,4,3,2,27,12.18,7.41,7.78,1,Urban,Renovated,650588.0
4091,3,4,2,32,17.85,4.0,1.77,0,Premium,Needs Work,968296.0
4172,1,4,3,34,13.11,7.97,6.49,2,Family,Standard,965233.0
1187,5,4,2,37,20.06,8.16,2.29,0,Suburban,Standard,427805.0
3815,4,3,3,4,17.34,7.79,5.44,1,Suburban,Standard,1018177.0
972,5,2,1,5,24.05,2.2,3.16,2,Family,Standard,307855.0
3307,5,2,1,37,23.68,7.63,1.48,2,Family,Standard,769843.0
3652,2,1,3,15,11.81,9.92,1.72,1,Family,Standard,928995.0
3812,2,2,3,1,12.77,3.94,9.2,1,Suburban,Needs Work,786898.0
1443,2,2,2,11,20.9,4.19,7.7,0,Urban,Standard,317116.0
3821,5,1,2,33,21.28,8.51,9.39,1,Suburban,Standard,813713.0
1061,3,1,1,14,11.7,3.28,5.23,2,Suburban,Standard,261461.0
2491,3,3,3,3,12.23,7.28,4.72,2,Family,Standard,697373.0
2316,5,2,3,28,24.6,8.04,4.23,1,Urban,Renovated,620145.0
1771,4,4,1,7,23.01,2.3,6.55,0,Premium,Renovated,516644.0
728,5,2,2,14,5.59,6.43,4.16,2,Family,Standard,363063.0
3390,5,4,2,0,16.0,6.61,7.72,2,Family,Needs Work,868935.0
1841,1,3,2,24,31.35,4.43,8.21,0,Premium,Needs Work,396039.0
2998,2,1,3,17,2.23,9.01,8.88,2,Family,Renovated,748486.0
2106,4,1,1,34,30.08,3.3,3.19,0,Urban,Standard,438310.0
1976,5,3,1,13,6.55,4.91,5.74,1,Suburban,Renovated,576060.0
3796,1,3,1,8,18.25,8.79,3.01,2,Urban,Standard,957378.0
985,2,2,3,6,15.43,3.53,1.34,2,Family,Standard,367859.0
3264,3,3,2,8,1.34,8.57,7.37,2,Family,Standard,882158.0
3301,4,4,3,18,32.12,2.63,5.94,3,Urban,Renovated,790555.0
1998,1,2,2,3,16.47,5.91,7.52,0,Urban,Renovated,403996.0
1581,4,1,1,16,33.45,2.6,1.79,3,Suburban,Standard,357846.0
668,2,2,2,34,10.75,7.42,9.96,1,Suburban,Standard,209289.0
3975,2,4,1,30,30.45,8.32,9.95,1,Family,Standard,871430.0
4014,3,4,3,25,32.36,8.8,5.18,3,Urban,Renovated,941212.0
1505,3,4,3,35,19.93,9.85,8.79,1,Family,Standard,408899.0
763,4,4,3,31,7.89,7.38,3.19,0,Suburban,Standard,277342.0
1085,2,1,2,26,24.3,8.15,7.64,2,Suburban,Standard,270383.0
890,5,2,1,34,19.67,6.05,8.91,2,Urban,Standard,158447.0
3600,1,1,1,4,33.11,9.3,8.33,2,Family,Standard,800783.0
3816,5,1,2,32,15.94,7.15,8.31,0,Premium,Standard,943157.0
1194,1,4,2,11,10.13,9.07,5.17,2,Suburban,Renovated,448617.0
3300,4,4,3,29,5.7,3.88,8.38,0,Suburban,Renovated,839612.0
1286,2,1,3,36,24.75,5.97,7.22,2,Family,Renovated,286948.0
1953,2,3,1,19,34.12,7.84,2.19,2,Family,Standard,490948.0
2777,1,3,1,3,1.96,3.62,2.03,3,Family,Standard,702628.0
3205,4,1,2,14,26.18,3.69,7.95,3,Premium,Standard,770160.0
3754,1,4,2,16,32.52,9.82,6.63,0,Family,Standard,813202.0
808,4,4,1,37,3.54,5.48,5.67,0,Suburban,Standard,244087.0
1347,4,3,3,37,4.75,3.45,9.17,2,Premium,Standard,413429.0
1645,5,3,3,22,24.53,4.65,6.94,3,Suburban,Needs Work,406504.0
1751,4,2,2,38,23.03,5.18,4.57,0,Suburban,Standard,409869.0
4192,2,4,1,17,3.34,6.98,4.73,1,Family,Standard,1016774.0
3409,4,2,3,16,29.37,9.38,6.45,1,Family,Standard,858624.0
1787,5,4,1,33,18.8,9.89,7.84,1,Suburban,Needs Work,485613.0
4099,2,1,2,26,31.84,7.21,6.08,2,Suburban,Standard,876966.0
2422,1,1,3,20,30.85,7.6,5.58,1,Family,Renovated,556108.0
2427,5,4,3,18,28.63,4.57,7.54,1,Family,Standard,609346.0
2189,1,2,1,28,18.54,8.86,7.35,3,Family,Needs Work,496250.0
1160,3,2,2,30,9.56,3.74,8.47,1,Urban,Renovated,293086.0
3967,2,4,1,19,18.2,2.85,1.56,0,Suburban,Renovated,964491.0
699,1,1,1,1,4.43,9.79,7.79,3,Family,Renovated,266981.0
1268,4,3,2,4,23.4,8.91,5.62,1,Family,Renovated,400226.0
1465,1,2,3,5,5.56,4.43,1.67,3,Premium,Renovated,552286.0
1641,4,1,3,18,18.38,7.4,7.11,3,Premium,Standard,502270.0
1117,4,4,2,24,2.85,5.74,7.45,2,Suburban,Renovated,439811.0
713,1,1,1,32,11.18,4.59,5.71,0,Suburban,Renovated,179942.0
3055,1,1,1,9,8.89,4.29,8.14,3,Family,Standard,689226.0
4091,4,3,1,31,22.08,3.09,3.7,2,Suburban,Renovated,918893.0
1082,3,4,1,26,27.75,6.39,2.82,1,Premium,Renovated,410026.0
1702,1,1,1,2,2.95,5.57,4.16,3,Premium,Renovated,539809.0
2447,5,3,3,14,29.91,6.1,4.69,3,Family,Renovated,677535.0
3942,2,3,1,12,30.27,3.72,7.26,3,Suburban,Standard,801276.0
3114,1,4,1,35,12.64,9.51,8.61,0,Premium,Standard,796083.0
3369,5,1,2,36,23.41,7.11,7.49,2,Urban,Standard,691130.0
2712,1,4,1,32,14.69,9.2,2.57,1,Urban,Standard,665895.0
2130,3,3,2,21,6.24,2.87,4.3,0,Suburban,Renovated,598261.0
1359,5,4,1,19,18.97,6.98,2.43,1,Urban,Renovated,468010.0
3718,3,2,1,12,3.94,8.8,7.18,0,Family,Standard,868964.0
3504,3,4,2,30,30.87,4.65,3.23,0,Family,Renovated,793243.0
739,2,3,3,3,32.43,3.56,5.73,2,Urban,Standard,139751.0
3189,1,1,2,10,28.93,4.12,8.13,2,Family,Renovated,626093.0
949,3,4,2,5,20.13,4.18,7.04,1,Suburban,Needs Work,268776.0
3273,5,4,2,19,19.96,5.58,3.69,0,Premium,Standard,898722.0
3582,1,2,1,11,34.48,4.61,4.0,3,Family,Needs Work,740344.0
1115,5,3,1,7,9.43,4.17,6.88,2,Suburban,Standard,387349.0
2190,3,2,2,15,3.58,7.19,5.95,2,Urban,Standard,583983.0
1089,3,3,1,34,20.11,2.42,1.87,0,Urban,Needs Work,200211.0
2663,1,4,3,22,12.18,4.72,8.87,0,Suburban,Standard,588274.0
3942,4,4,2,32,11.96,7.52,5.61,0,Family,Standard,943601.0
937,1,1,1,36,1.24,3.41,5.26,0,Suburban,Standard,174808.0
2061,2,4,2,36,21.27,3.77,2.79,3,Suburban,Standard,487929.0
4104,4,2,1,14,9.98,3.61,4.39,1,Urban,Standard,935366.0
1718,1,3,2,35,7.39,2.01,4.0,2,Family,Needs Work,366830.0
1119,3,4,3,36,2.37,5.79,3.44,3,Suburban,Needs Work,460756.0
2384,3,2,1,38,13.39,2.31,6.11,3,Premium,Standard,542989.0
2454,1,2,2,14,30.88,4.18,5.16,1,Premium,Renovated,601930.0
3003,2,2,1,9,12.45,9.96,9.0,1,Suburban,Standard,704862.0
1763,2,4,2,23,24.09,9.35,9.47,1,Urban,Renovated,447443.0
4042,4,2,1,37,26.72,3.72,2.98,0,Suburban,Standard,852461.0
2499,5,2,2,36,12.16,4.48,1.9,3,Suburban,Renovated,707206.0
1666,5,2,2,22,28.94,5.71,8.07,2,Premium,Renovated,478382.0
4059,1,1,1,5,24.52,8.76,9.95,1,Family,Standard,859988.0
3933,1,2,2,16,20.01,8.42,8.77,2,Urban,Needs Work,817239.0
2422,1,1,3,28,1.03,3.01,1.21,2,Suburban,Needs Work,535390.0
738,3,1,3,22,2.19,3.0,3.26,0,Urban,Standard,201352.0
2769,1,3,1,13,34.69,5.33,1.39,2,Urban,Standard,598998.0
2620,2,1,2,13,27.6,8.96,8.39,3,Family,Standard,597660.0
1176,5,3,3,2,32.88,9.06,6.23,2,Family,Renovated,440441.0
2900,5,4,2,11,31.68,2.86,5.62,2,Family,Renovated,708190.0
3634,5,3,1,26,1.7,6.59,5.99,0,Urban,Standard,880731.0
1025,2,2,2,9,27.92,3.25,3.27,2,Suburban,Standard,217696.0
3217,4,1,1,39,16.34,7.49,6.41,3,Suburban,Standard,754859.0
1148,4,4,1,3,27.84,9.33,1.28,1,Family,Standard,410138.0
3308,1,4,2,23,1.23,5.64,6.81,2,Premium,Renovated,930477.0
2137,3,3,2,19,10.8,2.66,7.61,2,Family,Standard,540644.0
673,3,1,3,33,26.55,6.63,7.06,0,Urban,Needs Work,83998.0
4080,2,1,2,35,27.96,5.27,3.99,1,Suburban,Standard,824687.0
1239,4,2,3,21,22.07,8.49,8.44,3,Family,Needs Work,328110.0
2765,4,1,2,25,11.24,4.72,7.44,3,Suburban,Standard,660466.0
1294,3,4,3,27,11.55,9.0,2.15,1,Premium,Standard,520582.0
3962,4,1,1,20,33.87,4.19,2.76,1,Suburban,Standard,834598.0
3271,4,2,1,7,15.93,3.26,6.73,3,Family,Standard,774758.0
3505,3,4,3,17,16.2,4.45,3.6,0,Urban,Renovated,876948.0
2183,2,4,3,9,19.78,2.28,2.07,1,Family,Needs Work,516496.0
2309,4,1,3,18,14.92,4.25,2.39,0,Suburban,Renovated,570757.0
2901,4,2,1,24,19.79,7.28,2.49,0,Suburban,Needs Work,696086.0
3435,5,3,1,8,15.7,3.14,5.3,2,Suburban,Standard,819856.0
3656,1,3,3,9,29.11,2.89,6.47,1,Suburban,Renovated,819110.0
713,3,4,2,32,31.91,3.06,2.59,3,Family,Standard,199454.0
3005,5,4,1,15,32.69,2.62,7.41,3,Family,Standard,626256.0
1037,3,4,3,7,20.19,9.0,3.53,3,Family,Standard,420503.0
1672,5,1,3,28,16.03,9.55,3.8,2,Family,Standard,512253.0
3594,1,1,1,28,24.98,2.37,3.01,2,Premium,Renovated,833691.0
1539,1,3,3,33,29.5,8.08,8.07,2,Suburban,Standard,356020.0
3478,4,1,3,30,20.14,7.9,9.64,3,Family,Needs Work,703968.0
2293,2,2,2,39,24.8,9.98,5.43,0,Urban,Standard,537598.0
1475,3,1,2,22,26.49,4.78,1.38,2,Family,Standard,370238.0
1836,3,4,1,11,24.0,4.28,3.35,0,Suburban,Needs Work,416430.0
2534,3,1,3,34,26.37,5.62,2.42,1,Premium,Standard,611273.0
3366,5,1,3,10,8.09,8.85,8.58,1,Suburban,Renovated,899634.0
2801,1,1,3,11,17.94,7.83,1.76,2,Suburban,Needs Work,697068.0
3962,4,1,3,33,21.0,5.77,9.7,3,Urban,Renovated,852895.0
3730,5,3,1,35,1.08,3.96,6.3,0,Suburban,Standard,906755.0
3324,4,2,2,13,30.1,7.82,5.66,2,Suburban,Renovated,781557.0
2791,2,4,2,29,21.74,8.84,8.63,0,Urban,Standard,603995.0
1678,1,2,3,36,5.39,5.2,1.25,0,Urban,Standard,365085.0
2114,4,3,2,31,28.76,7.35,7.99,1,Suburban,Needs Work,443194.0
1072,3,3,2,0,25.38,5.2,2.05,2,Suburban,Standard,399182.0
1978,1,3,1,26,26.78,5.83,8.57,0,Family,Standard,439668.0
3938,2,4,3,6,14.33,6.2,5.76,1,Urban,Standard,949918.0
2161,5,1,2,33,30.04,8.21,1.55,3,Suburban,Standard,545733.0
1053,2,3,1,2,15.08,9.82,8.5,1,Urban,Standard,321701.0
2964,1,4,3,39,20.4,5.55,1.25,3,Suburban,Renovated,772426.0
4067,4,4,1,7,1.02,4.74,2.25,3,Suburban,Renovated,1074349.0
3729,1,3,1,16,22.93,4.99,8.18,1,Premium,Standard,839451.0
1622,5,3,1,9,25.42,3.07,5.18,2,Suburban,Renovated,494589.0
2261,5,4,2,32,20.28,4.38,8.93,2,Suburban,Standard,520667.0
2535,5,3,1,15,17.88,2.69,6.72,1,Urban,Standard,557574.0
1529,5,4,3,29,28.54,5.42,6.61,1,Suburban,Renovated,439582.0
1603,2,1,2,2,24.17,3.34,3.63,1,Suburban,Standard,384540.0
1490,2,2,1,18,10.45,4.77,2.2,0,Premium,Standard,443033.0
4180,2,1,1,36,33.61,8.35,9.65,0,Suburban,Standard,823480.0
3298,3,1,2,37,25.05,3.97,1.94,1,Family,Standard,713332.0
3635,5,2,1,8,34.59,6.9,5.76,3,Suburban,Standard,902938.0
3548,4,1,3,15,34.02,9.21,3.45,0,Urban,Standard,804591.0
4054,4,2,1,16,32.24,6.54,3.38,0,Suburban,Standard,912228.0
1023,5,2,2,22,26.68,3.55,6.35,1,Urban,Standard,261950.0
3779,4,3,1,21,21.72,4.76,8.18,2,Suburban,Standard,836499.0
886,2,4,1,4,6.85,6.72,7.99,0,Family,Standard,275304.0
2337,3,4,1,30,19.47,6.05,8.82,0,Family,Renovated,565998.0
2760,3,2,1,9,27.02,3.19,3.64,0,Suburban,Standard,638868.0
1920,1,2,3,12,18.71,5.57,5.19,1,Urban,Standard,452411.0
1168,4,4,3,33,30.52,6.34,1.08,0,Family,Standard,343641.0
1332,4,1,3,27,4.73,4.14,7.72,3,Urban,Needs Work,273217.0
3577,4,3,1,15,13.95,6.9,3.72,3,Suburban,Standard,916819.0
1781,3,2,3,36,18.2,2.56,6.05,1,Family,Standard,406425.0
1751,4,1,2,15,15.7,4.69,2.52,0,Suburban,Standard,429067.0
3927,5,3,1,22,4.69,8.43,8.37,0,Urban,Standard,941193.0
1160,3,2,1,9,6.22,4.07,8.36,1,Suburban,Renovated,342938.0
3899,3,1,2,7,29.48,6.84,8.9,1,Premium,Standard,884059.0
3919,1,3,2,19,17.47,5.28,1.41,2,Urban,Standard,909269.0
2774,4,1,1,22,2.66,4.53,9.93,1,Premium,Standard,703478.0
1237,5,3,3,32,1.56,9.33,3.23,1,Suburban,Standard,498239.0
1203,4,1,3,15,17.1,4.75,3.78,1,Suburban,Needs Work,292758.0
1660,5,2,2,35,6.59,3.89,3.24,2,Urban,Renovated,432337.0
2699,5,4,3,24,24.97,9.27,3.41,2,Family,Renovated,786892.0
1195,4,1,3,2,28.04,7.97,5.97,0,Suburban,Renovated,365000.0
2267,3,4,3,29,8.76,7.45,3.16,1,Premium,Standard,755944.0
1059,1,3,1,22,21.13,2.4,4.54,2,Suburban,Needs Work,257532.0
2568,1,4,3,15,6.25,3.05,6.9,2,Urban,Standard,661560.0
725,2,1,2,18,11.32,7.11,8.52,2,Suburban,Renovated,228033.0
3167,3,3,3,12,31.22,3.68,7.23,2,Suburban,Needs Work,689834.0
846,4,4,3,24,19.5,3.81,6.35,2,Suburban,Needs Work,268660.0
1341,3,4,1,22,31.12,8.23,2.33,1,Family,Needs Work,377032.0
1269,1,1,2,17,8.66,4.29,8.35,2,Family,Renovated,309510.0
3600,2,4,1,11,12.22,2.57,1.34,1,Family,Renovated,930812.0
839,5,1,1,15,17.01,2.29,3.38,1,Suburban,Standard,240006.0
2173,5,3,2,19,17.32,5.55,1.51,0,Suburban,Needs Work,579496.0
2748,2,2,3,18,34.92,6.94,7.01,1,Premium,Standard,616441.0
2481,5,3,3,12,4.89,8.95,4.32,0,Suburban,Standard,765128.0
3066,4,3,2,23,29.97,2.89,6.87,0,Family,Standard,634620.0
3501,5,1,1,9,30.37,3.57,4.12,1,Family,Standard,777419.0
2047,5,3,2,20,19.81,6.24,5.1,2,Suburban,Standard,569425.0
3590,4,4,3,4,12.7,4.91,5.12,3,Family,Standard,936808.0
1778,2,2,3,18,18.65,5.86,1.41,0,Family,Renovated,496507.0
4144,4,2,1,31,10.94,9.39,4.87,3,Suburban,Standard,1042249.0
2441,2,4,1,32,28.17,6.36,6.77,1,Family,Standard,529158.0
3262,2,1,3,27,17.94,5.32,5.91,2,Urban,Standard,660609.0
3756,4,2,1,29,32.48,9.92,1.68,2,Urban,Standard,888598.0
3463,3,3,1,2,22.17,2.52,7.01,3,Suburban,Needs Work,741565.0
3671,3,2,1,13,18.49,9.46,3.78,0,Suburban,Standard,867739.0
2554,2,4,2,26,25.18,6.01,1.13,3,Suburban,Standard,634517.0
804,3,2,2,32,18.13,6.03,2.4,0,Family,Standard,243268.0
2400,1,4,2,23,31.75,9.38,5.48,3,Suburban,Standard,598271.0
1294,4,1,1,34,7.27,6.06,3.79,2,Suburban,Standard,318945.0
3806,3,3,3,10,34.09,5.51,7.25,1,Premium,Standard,895664.0
1490,5,3,3,6,28.61,4.18,3.17,1,Urban,Standard,435620.0
1459,3,1,2,3,30.26,7.27,7.96,0,Premium,Standard,387445.0
1535,3,1,1,23,17.42,6.56,3.58,3,Suburban,Standard,407633.0
2931,1,3,2,26,29.46,3.71,6.59,2,Family,Renovated,656242.0
2677,1,3,3,11,11.43,7.68,8.19,3,Premium,Standard,766485.0
4018,2,3,2,31,26.91,7.15,4.47,2,Urban,Renovated,941702.0
2127,2,1,1,29,5.78,5.18,1.42,3,Urban,Standard,454017.0
1652,2,3,2,14,11.44,2.04,5.82,3,Urban,Renovated,473420.0
824,2,4,2,9,16.15,5.57,9.96,1,Family,Needs Work,228484.0
675,4,1,2,29,11.96,2.05,9.72,2,Premium,Standard,259836.0
1976,1,2,2,26,14.16,2.6,2.99,1,Suburban,Needs Work,397991.0
3936,2,2,1,6,28.88,5.44,7.8,3,Urban,Needs Work,758196.0
2509,1,4,3,10,9.73,2.66,4.1,2,Family,Renovated,668195.0
3822,2,2,2,19,26.34,4.21,2.44,1,Urban,Standard,812234.0
1010,4,2,2,20,3.51,7.24,6.99,2,Premium,Standard,434832.0
981,1,3,2,6,27.04,4.47,5.51,1,Family,Standard,266962.0
3608,2,1,2,37,27.93,9.98,5.85,2,Suburban,Standard,796313.0
1028,1,4,1,15,14.66,9.33,8.45,1,Suburban,Standard,321569.0
834,5,4,3,15,25.56,6.68,4.03,1,Urban,Renovated,350673.0
2084,4,3,1,2,32.11,9.74,7.0,3,Suburban,Standard,568225.0
3933,2,3,2,35,28.22,8.94,4.3,0,Family,Standard,870753.0
3097,1,3,1,9,14.28,4.55,1.38,3,Premium,Standard,859247.0
1001,1,4,1,39,17.46,8.0,4.4,0,Family,Renovated,337862.0
3621,3,4,1,19,27.5,3.09,9.55,0,Suburban,Needs Work,752945.0
3644,4,2,3,34,10.95,7.48,5.35,0,Urban,Standard,844511.0
3492,3,2,2,7,28.33,5.93,1.97,0,Premium,Renovated,859604.0
3854,5,3,2,6,12.15,2.13,7.19,0,Suburban,Standard,900509.0
1501,2,1,3,32,28.4,4.19,9.67,3,Urban,Needs Work,196858.0
4127,2,4,1,32,3.95,9.64,9.17,3,Suburban,Standard,1008878.0
1788,3,4,2,21,2.51,4.53,6.15,2,Premium,Standard,562227.0
3497,2,3,2,1,34.92,3.45,4.39,0,Premium,Renovated,854071.0
2706,5,2,2,37,30.56,3.5,6.23,3,Urban,Renovated,563799.0
3417,1,2,1,15,31.02,5.83,8.34,2,Family,Standard,664629.0
2878,3,2,3,37,33.34,8.74,8.75,2,Suburban,Renovated,690853.0
2930,3,3,1,34,15.9,8.06,8.37,3,Suburban,Standard,678344.0
2837,1,4,3,34,10.75,5.49,5.1,1,Urban,Renovated,692862.0
3415,3,3,3,27,5.42,3.67,2.07,1,Family,Standard,866511.0
3273,3,4,2,26,18.04,2.37,6.12,3,Suburban,Standard,780259.0
1127,2,4,1,21,8.48,5.7,2.41,2,Suburban,Needs Work,379292.0
3582,1,3,1,0,32.81,8.52,1.55,2,Urban,Needs Work,823344.0
2553,1,2,3,15,1.14,7.84,5.49,2,Premium,Standard,764671.0
1796,1,3,3,29,5.87,5.27,6.9,3,Family,Needs Work,467682.0
2475,3,2,3,32,9.38,6.76,8.69,1,Suburban,Standard,605743.0
4082,1,3,1,22,7.76,5.49,8.05,0,Family,Standard,852258.0
3694,5,4,2,28,8.68,6.63,8.72,1,Urban,Needs Work,842127.0
3609,2,2,1,0,23.31,6.14,7.84,2,Urban,Standard,808906.0
2292,4,3,3,18,12.14,7.45,7.33,3,Suburban,Standard,625844.0
3433,4,1,2,20,21.91,6.06,1.09,1,Premium,Renovated,953768.0
2017,3,3,3,35,31.27,9.52,6.63,2,Suburban,Standard,501777.0
3085,5,2,3,12,21.49,5.42,2.08,3,Suburban,Renovated,841367.0
2920,1,2,3,9,24.61,2.13,1.53,3,Suburban,Renovated,735593.0
1536,2,3,2,14,13.43,3.89,2.41,3,Suburban,Standard,443690.0
1595,2,1,2,6,6.43,6.0,8.41,3,Premium,Standard,494451.0
867,1,3,2,22,11.9,6.32,7.69,2,Family,Standard,271874.0
1146,2,3,1,25,33.79,6.42,9.54,1,Suburban,Renovated,220127.0
2189,2,2,1,32,22.14,7.72,9.81,1,Premium,Standard,513963.0
2346,4,1,2,38,10.44,4.2,9.04,2,Suburban,Renovated,568504.0
1236,2,2,3,2,16.33,7.32,2.2,0,Suburban,Renovated,441264.0
2129,5,1,2,9,29.41,7.63,8.91,2,Suburban,Standard,552624.0
2794,4,2,3,12,23.73,5.29,8.55,2,Family,Standard,606214.0
1475,5,3,1,9,20.06,5.22,8.84,2,Urban,Standard,335660.0
1850,1,1,2,33,31.1,3.43,2.37,1,Family,Renovated,395242.0
1954,5,3,2,5,23.86,5.31,2.05,2,Urban,Renovated,599062.0
2442,4,1,2,1,22.85,8.29,9.31,0,Family,Needs Work,545013.0
1950,5,4,1,34,7.45,9.27,2.56,2,Urban,Needs Work,580680.0
3266,2,3,1,38,4.62,6.75,4.32,3,Family,Standard,817118.0
1812,5,2,3,9,33.81,4.39,5.1,3,Premium,Renovated,534168.0
2190,3,3,2,13,21.36,7.46,2.12,3,Urban,Standard,577422.0
1997,1,1,1,20,15.13,7.92,1.19,1,Premium,Renovated,609530.0
1299,3,1,1,21,21.03,4.66,9.95,0,Premium,Standard,327107.0
3084,1,4,1,39,3.1,8.61,8.89,2,Suburban,Standard,721911.0
1485,5,4,3,16,28.95,2.59,9.21,0,Suburban,Renovated,378524.0
1703,2,1,1,0,8.37,2.09,3.56,1,Premium,Standard,479279.0
3464,2,2,3,16,28.35,2.98,2.98,2,Premium,Standard,835423.0
4018,3,1,1,22,19.17,3.25,4.83,2,Suburban,Needs Work,837928.0
3031,3,2,2,20,10.4,9.03,5.08,2,Family,Needs Work,735746.0
3903,1,2,1,20,2.03,5.4,1.05,3,Suburban,Needs Work,962902.0
3682,5,2,3,36,28.74,4.2,8.01,0,Urban,Standard,731950.0
2357,5,3,1,32,7.0,5.43,9.97,3,Suburban,Standard,587546.0
3384,4,1,2,10,2.76,5.16,5.76,2,Urban,Standard,778676.0
1815,4,4,1,14,26.7,4.41,4.49,1,Suburban,Needs Work,424267.0
2284,3,3,1,26,12.9,3.1,4.53,1,Suburban,Standard,558534.0
2550,3,4,1,16,14.24,7.25,1.86,2,Suburban,Standard,724565.0
4059,3,1,3,17,9.4,3.09,3.4,2,Urban,Renovated,965498.0
3662,1,3,2,6,30.21,8.2,5.52,1,Premium,Standard,920286.0
2386,1,4,2,10,11.11,3.61,4.89,0,Suburban,Needs Work,615893.0
2966,2,1,2,29,8.15,7.85,5.91,0,Family,Standard,667784.0
1368,3,4,3,33,11.51,8.44,8.64,1,Suburban,Renovated,404132.0
3505,1,2,2,31,7.91,3.0,3.03,1,Suburban,Renovated,791571.0
2613,1,4,2,12,11.8,2.69,1.25,2,Suburban,Renovated,689412.0
2541,5,2,1,5,3.82,9.6,1.34,3,Family,Renovated,799889.0
3370,2,4,1,6,6.39,5.7,2.21,0,Urban,Standard,851830.0
2896,3,1,1,15,15.18,7.04,6.13,1,Urban,Renovated,720715.0
907,3,2,2,20,30.9,2.19,8.27,0,Family,Needs Work,144939.0
1672,4,2,1,35,2.95,4.23,8.98,3,Premium,Renovated,523334.0
1277,4,1,1,35,8.23,6.04,6.72,2,Premium,Renovated,480958.0
3258,2,2,1,0,31.88,9.09,4.63,0,Urban,Renovated,763210.0
774,5,2,1,28,31.26,4.17,2.39,1,Urban,Standard,140222.0
1368,2,1,3,11,24.1,8.2,4.61,2,Suburban,Renovated,441789.0
2770,5,3,2,7,9.18,7.3,3.99,3,Premium,Standard,814267.0
3116,3,3,3,22,15.27,2.92,8.83,2,Suburban,Standard,686265.0
2436,1,4,2,1,8.18,4.35,5.38,1,Urban,Standard,627095.0
3705,4,3,3,13,5.37,3.9,3.04,2,Urban,Standard,923665.0
3912,1,1,1,22,13.92,5.54,3.6,2,Suburban,Standard,869662.0
1118,4,1,2,10,20.58,7.08,2.23,2,Premium,Standard,396890.0
4031,1,2,3,23,13.24,5.47,9.27,0,Urban,Standard,838716.0
2831,2,2,2,18,21.77,3.96,1.45,2,Urban,Standard,666719.0
2908,4,1,3,31,11.07,7.57,1.12,0,Suburban,Standard,748594.0
987,5,4,1,7,12.76,6.68,2.65,3,Urban,Standard,381911.0
2857,3,3,1,2,27.88,6.15,8.3,3,Suburban,Standard,648907.0
3226,1,3,3,21,30.86,6.44,5.71,2,Urban,Needs Work,645801.0
2711,2,1,1,10,11.95,3.78,6.63,2,Premium,Renovated,713378.0
949,5,4,3,28,20.43,7.44,4.22,0,Family,Standard,348966.0
2507,4,1,3,3,10.46,5.1,1.62,3,Family,Needs Work,643580.0
3972,1,2,3,23,2.81,4.91,8.71,1,Family,Standard,829246.0
3218,2,2,2,39,26.09,3.2,2.73,1,Suburban,Standard,682431.0
1137,2,4,3,3,6.81,6.77,1.3,2,Urban,Standard,418428.0
4057,1,2,1,12,15.47,6.82,6.15,3,Suburban,Needs Work,923656.0
4054,5,1,2,33,17.56,4.72,1.75,1,Premium,Standard,974930.0
1251,4,2,1,21,7.27,8.88,1.86,2,Urban,Needs Work,373270.0
3493,1,2,3,6,4.21,8.76,8.2,2,Suburban,Needs Work,853387.0
2093,4,1,3,8,12.83,2.87,5.42,1,Suburban,Standard,580394.0
2757,3,1,3,30,33.38,7.56,3.17,2,Urban,Renovated,654829.0
2230,1,1,3,34,21.91,5.15,4.14,3,Premium,Standard,552423.0
3428,3,2,1,14,13.97,10.0,7.56,1,Premium,Standard,909757.0
4188,1,2,1,18,2.32,3.8,1.6,3,Suburban,Standard,955296.0
3472,2,2,3,31,21.41,4.24,2.05,3,Family,Standard,760969.0
3956,5,3,2,7,4.14,5.54,6.55,3,Urban,Needs Work,902643.0
4008,4,1,1,8,19.45,4.15,6.46,2,Urban,Standard,914805.0
969,1,4,3,30,26.57,7.54,9.75,3,Suburban,Standard,290592.0
1549,5,4,3,7,15.4,5.85,4.37,2,Premium,Standard,590677.0
3212,3,1,2,30,11.18,3.77,1.59,3,Suburban,Standard,767439.0
2744,5,2,3,19,2.61,6.05,5.84,2,Urban,Standard,681892.0
828,4,1,1,39,1.84,9.11,6.75,3,Family,Standard,287874.0
987,2,2,1,1,15.62,8.34,2.26,3,Suburban,Renovated,455825.0
2497,3,2,1,37,31.03,5.99,5.98,3,Suburban,Standard,539049.0
2837,3,1,2,9,9.3,4.31,2.78,2,Premium,Standard,757430.0
1245,4,1,1,1,20.52,3.44,8.6,2,Family,Standard,245707.0
1258,2,2,1,28,24.27,9.03,8.52,3,Premium,Standard,405125.0
1109,2,3,3,21,3.07,7.68,4.87,1,Family,Standard,385336.0
2655,2,2,3,33,6.21,6.58,9.7,0,Urban,Standard,535584.0
677,2,4,3,4,12.26,9.04,9.82,3,Premium,Standard,347102.0
2682,1,2,3,3,23.78,2.97,2.16,2,Family,Standard,591775.0
2339,1,4,3,22,15.93,7.46,4.31,1,Suburban,Renovated,648494.0
2304,5,1,2,35,25.96,3.73,6.4,2,Suburban,Standard,498488.0
3061,1,3,2,16,30.5,2.96,1.76,0,Family,Renovated,675621.0
2505,5,4,3,31,26.78,5.72,4.44,1,Urban,Standard,628131.0
3233,1,1,2,36,34.74,5.1,3.35,1,Suburban,Standard,640628.0
3361,4,4,1,34,26.65,9.53,9.57,1,Family,Standard,797795.0
3916,2,2,3,20,29.97,4.59,4.7,3,Family,Standard,845073.0
3487,3,2,1,27,29.3,8.52,7.86,2,Family,Renovated,871456.0
2487,2,3,3,21,25.83,7.99,4.48,0,Family,Standard,588364.0
2397,3,3,2,26,28.26,7.34,2.19,1,Urban,Standard,552766.0
1486,3,1,3,22,32.78,9.36,8.77,0,Family,Standard,299234.0
2778,3,4,1,21,17.16,5.26,1.0,3,Suburban,Renovated,765763.0
1143,2,3,2,17,22.7,5.12,1.5,1,Premium,Standard,351432.0
3955,3,4,2,26,18.51,3.29,4.28,1,Suburban,Renovated,950568.0
3649,5,2,2,30,29.94,4.21,7.18,1,Family,Renovated,755302.0
1075,3,3,1,36,15.67,9.04,4.08,0,Suburban,Standard,339759.0
3440,2,2,3,24,28.87,5.8,1.6,3,Family,Renovated,792999.0
1065,1,4,2,4,28.18,4.73,3.86,2,Urban,Renovated,307538.0
3210,2,4,3,23,33.7,3.73,3.2,1,Urban,Standard,707528.0
961,1,4,2,12,9.46,5.88,1.05,1,Suburban,Standard,425285.0
2383,1,3,1,1,25.13,7.73,5.81,2,Urban,Standard,541721.0
2985,5,4,3,2,26.74,4.29,2.05,0,Premium,Standard,835360.0
3237,1,2,1,23,32.83,8.06,3.59,3,Suburban,Needs Work,680493.0
2136,3,2,1,37,31.83,7.04,6.77,2,Suburban,Standard,433085.0
3921,5,4,3,20,20.5,8.3,7.53,0,Urban,Standard,922958.0
3398,5,1,3,17,20.69,4.01,3.37,2,Urban,Standard,802821.0
1389,1,3,3,3,6.69,7.05,3.96,3,Premium,Needs Work,492925.0
3032,1,1,2,27,34.15,3.23,3.22,0,Suburban,Standard,639151.0
3243,2,3,3,2,9.67,4.91,9.61,2,Urban,Standard,769955.0
1834,3,2,1,33,25.64,7.79,2.71,2,Urban,Standard,410742.0
3270,5,2,3,32,28.06,7.05,2.65,3,Urban,Standard,768179.0
3839,2,2,2,39,16.0,3.5,5.01,2,Premium,Needs Work,833378.0
3550,1,2,1,11,8.18,8.87,2.7,2,Urban,Standard,895124.0
3356,2,2,2,6,7.42,2.43,2.41,3,Suburban,Renovated,818973.0
2902,5,2,2,11,30.12,6.76,1.86,3,Premium,Standard,775065.0
1610,1,3,1,31,18.37,9.87,6.76,1,Suburban,Standard,399869.0
3473,2,4,2,8,4.06,6.25,6.51,2,Suburban,Needs Work,884369.0
1942,1,3,2,35,25.38,8.41,6.85,0,Suburban,Standard,467339.0
2539,1,3,1,6,9.51,6.76,7.96,3,Family,Standard,672466.0
1766,5,4,1,1,30.8,8.26,3.94,3,Suburban,Standard,568227.0
1761,1,4,3,8,11.53,7.24,9.27,1,Suburban,Standard,485923.0
1209,2,1,2,30,7.81,7.53,7.6,2,Family,Needs Work,304490.0
4062,5,3,2,24,3.89,3.82,8.24,3,Premium,Standard,1009275.0
1174,4,1,2,14,18.39,7.93,7.49,0,Premium,Standard,338553.0
956,1,1,2,26,16.33,3.9,4.23,2,Family,Standard,222992.0
3973,3,4,2,25,26.54,9.85,3.55,3,Urban,Renovated,975384.0
2620,5,1,2,22,16.8,3.82,4.8,3,Family,Standard,623473.0
2204,3,4,3,20,12.69,3.89,1.87,0,Premium,Renovated,694032.0
3268,3,4,3,4,9.9,8.87,5.06,3,Suburban,Standard,925829.0
2010,3,4,1,10,10.46,3.94,1.39,3,Suburban,Needs Work,590387.0
1104,4,3,3,21,32.55,4.89,1.04,0,Urban,Standard,313563.0
3240,1,4,3,5,6.61,7.72,9.38,2,Family,Standard,827627.0
1274,5,1,1,19,34.6,3.27,7.2,2,Urban,Standard,215515.0
2613,5,4,3,4,12.12,3.27,6.06,3,Suburban,Renovated,759753.0
4019,1,1,2,31,4.01,5.89,4.07,0,Premium,Standard,947574.0
3973,5,2,3,4,9.46,3.95,6.13,3,Premium,Standard,1042018.0
1930,5,1,2,3,2.99,3.89,9.02,2,Urban,Standard,558447.0
3420,4,2,3,25,27.86,2.07,6.87,1,Family,Standard,712681.0
2824,2,3,1,8,18.43,4.96,6.42,1,Suburban,Standard,675474.0
2351,3,2,1,14,12.46,4.55,5.14,3,Family,Needs Work,535457.0
1146,5,4,3,12,23.51,2.25,4.11,3,Urban,Standard,368145.0
1986,1,3,2,8,22.44,6.97,7.29,1,Urban,Standard,478693.0
2964,5,3,2,30,32.96,7.01,9.83,3,Premium,Standard,748872.0
4152,5,4,1,27,33.68,2.57,4.82,2,Urban,Standard,892282.0
667,4,2,1,9,24.14,4.54,4.53,0,Suburban,Needs Work,200302.0
3198,2,2,3,27,28.81,8.98,4.85,2,Urban,Standard,753897.0
3654,3,4,1,28,27.94,6.66,4.83,3,Family,Renovated,888649.0
4026,1,3,2,21,17.7,5.3,9.92,0,Family,Renovated,876198.0
2154,5,3,1,23,24.95,5.72,7.36,0,Family,Standard,524020.0
1070,2,2,1,37,3.66,3.67,4.23,0,Family,Standard,238216.0
1611,1,1,1,18,26.77,8.5,4.34,2,Family,Renovated,392185.0
3669,4,1,3,15,33.7,9.31,4.88,0,Suburban,Needs Work,819316.0
3766,4,1,3,21,3.89,9.29,1.33,3,Suburban,Standard,969774.0
2911,4,1,1,33,29.43,3.79,5.75,0,Family,Needs Work,560371.0
1085,1,3,2,28,32.72,4.49,8.3,0,Family,Standard,148821.0
1082,4,1,2,3,8.69,3.28,6.95,1,Family,Renovated,324580.0
2347,4,3,2,18,18.84,4.46,2.79,3,Family,Renovated,643787.0
2738,4,4,3,29,32.55,4.66,7.55,3,Urban,Renovated,638321.0
764,5,4,1,8,33.65,7.06,7.48,1,Family,Standard,241111.0
3085,2,2,1,39,5.35,3.52,3.36,2,Family,Standard,696451.0
2583,2,1,2,32,12.87,9.36,6.61,3,Premium,Renovated,722354.0
693,5,4,2,33,24.74,2.82,6.5,3,Family,Standard,191419.0
989,3,1,1,3,8.53,2.06,8.56,0,Suburban,Standard,213620.0
2262,3,3,3,23,12.04,8.84,2.22,3,Family,Standard,693394.0
3215,2,3,1,21,1.79,7.63,2.75,3,Urban,Standard,780201.0
3580,4,1,1,25,6.22,4.84,5.37,2,Family,Standard,826426.0
2181,4,3,2,34,20.12,6.76,1.4,2,Urban,Standard,553080.0
1698,1,1,2,14,23.21,3.79,4.74,1,Suburban,Needs Work,342185.0
4087,3,1,1,21,23.06,3.35,8.09,3,Urban,Standard,787904.0
2277,5,4,1,27,27.46,5.77,2.34,3,Suburban,Standard,599459.0
1769,2,4,1,30,15.12,4.83,5.14,2,Urban,Standard,421611.0
2220,2,2,2,30,10.3,6.92,9.91,2,Family,Standard,535348.0
692,5,4,2,13,1.53,3.75,5.55,1,Suburban,Standard,331965.0
1721,1,4,1,39,8.03,7.3,5.48,2,Family,Renovated,456770.0
2480,2,4,2,0,11.62,8.13,6.03,0,Suburban,Standard,676849.0
3910,3,1,3,19,7.06,3.33,2.67,3,Urban,Standard,930460.0
3270,4,2,1,24,1.68,2.35,2.32,2,Family,Needs Work,736954.0
3423,1,3,3,2,6.35,5.52,7.1,2,Premium,Renovated,940227.0
2584,3,4,1,18,23.65,8.19,4.56,0,Suburban,Standard,660486.0
1042,1,4,1,23,22.41,7.21,3.61,2,Family,Standard,297972.0
2037,4,2,1,24,32.81,7.62,1.28,0,Family,Standard,564007.0
4189,4,1,1,4,28.14,5.22,8.61,3,Suburban,Standard,908785.0
806,3,4,1,11,20.3,3.88,1.29,2,Family,Renovated,336708.0
3771,2,2,2,9,5.68,6.25,7.75,1,Premium,Standard,935216.0
3079,1,2,2,25,20.18,3.63,4.44,3,Premium,Needs Work,718708.0
1657,5,4,3,13,3.09,7.81,6.39,3,Suburban,Needs Work,582367.0
3411,4,3,2,22,15.65,3.58,3.23,0,Urban,Needs Work,739765.0
3620,2,2,2,29,14.27,4.33,2.4,0,Urban,Standard,790411.0
803,3,1,2,31,15.55,6.05,5.8,1,Family,Renovated,216752.0
1027,4,2,1,7,10.51,5.89,7.26,0,Premium,Renovated,380841.0
3013,4,4,3,36,24.32,6.81,2.76,2,Suburban,Renovated,824882.0
4196,3,2,1,6,29.59,5.5,4.93,2,Premium,Standard,987815.0
735,2,3,3,0,27.13,9.36,5.0,2,Urban,Renovated,250125.0
3013,4,2,3,1,22.34,8.72,2.94,0,Suburban,Standard,845164.0
1134,4,4,3,8,19.3,9.03,6.09,3,Family,Standard,411358.0
2957,3,4,2,34,2.06,7.04,2.31,3,Suburban,Standard,815060.0
2862,1,3,1,8,25.58,7.08,5.59,2,Urban,Needs Work,660799.0
971,3,4,3,27,19.53,6.87,2.02,0,Suburban,Renovated,373704.0
3066,4,3,1,16,10.21,5.48,5.37,1,Suburban,Renovated,800579.0
3834,5,2,2,1,12.15,4.58,3.8,2,Premium,Renovated,1027838.0
3715,3,3,3,17,32.81,6.74,5.07,2,Family,Renovated,846953.0
752,2,4,3,1,22.23,2.2,4.9,0,Suburban,Standard,231349.0
1523,3,4,3,19,17.18,2.06,9.17,3,Suburban,Needs Work,361324.0
1504,1,1,1,22,22.11,8.81,5.41,3,Suburban,Renovated,416301.0
2259,1,3,3,20,15.07,2.37,8.37,2,Suburban,Standard,486487.0
1157,4,1,1,11,16.99,6.2,3.03,1,Suburban,Renovated,385122.0
3682,5,3,2,30,10.87,6.92,4.17,2,Urban,Needs Work,831484.0
3407,5,3,3,23,15.96,3.59,1.68,0,Family,Standard,847553.0
3519,3,2,2,10,24.31,9.17,4.79,2,Suburban,Standard,872725.0
1353,1,4,3,17,2.36,3.52,7.02,0,Suburban,Standard,430871.0
701,5,4,2,4,28.03,9.08,8.54,0,Urban,Renovated,292458.0
3882,3,1,1,36,10.62,8.1,6.09,2,Family,Renovated,891925.0
1675,2,1,1,30,24.21,3.93,6.76,2,Urban,Standard,294248.0
2979,5,1,2,11,22.85,3.21,2.6,3,Suburban,Standard,713782.0
3878,4,4,3,26,23.19,4.53,1.33,2,Family,Needs Work,923451.0
778,4,3,2,27,21.68,5.18,8.13,3,Suburban,Standard,233956.0
669,2,3,3,24,33.61,3.97,2.5,3,Family,Standard,152189.0
669,5,4,2,2,18.28,9.99,1.82,1,Urban,Standard,326693.0
1204,3,4,1,35,25.9,3.84,9.44,3,Premium,Standard,325559.0
833,3,1,1,38,24.99,8.65,9.67,1,Family,Standard,193473.0
3560,4,1,2,38,9.03,3.27,6.55,2,Suburban,Standard,787073.0
2801,4,2,3,39,10.63,9.84,4.41,0,Premium,Renovated,840574.0
4129,1,2,3,37,15.42,3.8,8.5,0,Suburban,Standard,868237.0
3495,2,3,1,29,10.44,5.37,2.84,2,Family,Standard,837493.0
4069,2,1,2,2,13.47,6.47,4.86,1,Family,Standard,927202.0
1496,5,2,3,18,14.29,2.96,4.21,2,Premium,Renovated,521816.0
1671,4,1,2,9,21.53,8.53,9.21,0,Family,Renovated,475640.0
3665,2,1,1,8,8.48,4.2,9.28,1,Suburban,Standard,814640.0
1519,4,1,2,33,28.35,6.39,6.86,2,Suburban,Standard,358094.0
853,4,1,1,32,15.88,6.4,2.0,2,Suburban,Renovated,297356.0
3025,2,3,1,20,25.01,6.82,5.34,3,Premium,Standard,766858.0
3493,3,2,2,29,3.77,2.44,3.21,3,Family,Standard,822378.0
4087,5,2,1,5,16.98,3.35,8.96,3,Premium,Renovated,1025838.0
3943,3,2,2,8,1.96,3.29,2.25,0,Urban,Needs Work,936267.0
1076,1,3,2,34,23.98,4.42,1.49,2,Suburban,Standard,217548.0
3390,4,4,2,18,12.69,3.16,7.34,0,Family,Renovated,823900.0
3653,3,3,2,21,33.27,9.38,5.08,1,Family,Standard,846940.0
3128,3,3,1,18,12.02,6.1,8.55,0,Urban,Standard,669916.0
3560,4,3,3,8,20.17,6.99,1.67,1,Urban,Standard,916065.0
3624,5,3,3,33,9.75,4.86,8.21,0,Suburban,Renovated,866485.0
2235,2,1,3,30,22.08,4.21,1.34,2,Urban,Renovated,514356.0
792,3,4,3,27,16.88,6.03,1.25,0,Family,Renovated,380669.0
2269,1,1,2,14,13.6,4.35,5.15,2,Suburban,Needs Work,519481.0
1366,4,2,3,25,7.93,4.75,2.99,2,Suburban,Renovated,474801.0
1053,3,3,2,38,4.79,5.62,6.34,0,Urban,Renovated,322900.0
1093,2,2,1,25,5.08,6.05,1.23,0,Suburban,Standard,344152.0
3125,4,1,3,19,34.97,9.87,1.32,3,Family,Standard,830104.0
2441,3,4,1,10,15.02,3.79,7.54,2,Suburban,Needs Work,597038.0
2566,3,1,3,20,1.07,5.9,2.89,1,Urban,Renovated,670986.0
3295,3,1,2,14,33.4,3.2,6.91,3,Urban,Needs Work,589550.0
2596,2,4,3,24,1.68,4.8,7.75,0,Family,Standard,660413.0
2886,1,3,2,1,15.23,7.74,1.53,3,Family,Renovated,811646.0
955,5,1,2,7,25.39,3.4,7.93,0,Urban,Renovated,193761.0
3671,1,4,1,31,32.1,6.65,3.42,2,Premium,Renovated,920609.0
2243,2,4,3,15,25.24,5.33,4.51,0,Urban,Standard,523159.0
1201,4,1,1,17,16.76,2.41,1.78,0,Suburban,Standard,320074.0
3537,1,2,2,21,34.13,9.46,8.55,1,Urban,Standard,738773.0
3257,4,2,2,17,2.34,5.31,6.05,0,Family,Needs Work,754327.0
838,4,1,2,30,34.55,8.27,5.54,1,Family,Renovated,247242.0
1335,4,1,1,9,29.88,5.33,9.72,0,Urban,Standard,231167.0
705,2,1,2,30,32.58,9.5,4.01,0,Suburban,Standard,168601.0
1611,1,1,2,8,9.66,4.32,9.02,3,Urban,Needs Work,310878.0
1004,5,2,1,14,5.84,5.3,7.48,3,Suburban,Standard,376043.0
3170,2,2,1,23,23.55,8.07,9.36,3,Urban,Renovated,704393.0
2505,5,1,3,35,18.54,4.75,9.17,0,Suburban,Standard,573370.0
4129,1,2,1,9,18.79,4.91,9.92,1,Family,Needs Work,875919.0
3310,1,1,1,23,32.44,9.96,2.19,1,Urban,Standard,700050.0
2820,4,4,2,2,22.08,6.44,8.16,1,Family,Standard,636694.0
2458,5,1,1,3,11.58,7.52,8.24,1,Urban,Needs Work,607423.0
843,5,4,2,30,14.6,7.15,6.8,2,Suburban,Renovated,348905.0
899,4,3,1,28,5.54,8.62,3.51,1,Suburban,Standard,345516.0
2837,2,4,2,15,7.54,8.89,9.69,1,Family,Needs Work,681934.0
665,5,3,3,24,5.87,6.51,2.84,3,Urban,Renovated,346951.0
800,4,2,2,15,28.55,4.36,5.5,3,Urban,Standard,236060.0
1427,1,3,3,11,24.97,2.18,5.69,1,Premium,Standard,381617.0
3788,1,2,3,17,19.03,6.92,2.46,0,Premium,Standard,976101.0
2279,5,1,1,12,13.73,8.6,7.5,2,Premium,Needs Work,647636.0
3169,2,2,2,32,23.73,5.6,1.8,1,Urban,Standard,683783.0
2111,4,2,1,16,28.64,3.32,7.24,3,Suburban,Renovated,490537.0
1264,1,1,2,12,30.96,4.3,8.64,1,Family,Renovated,257572.0
1967,2,1,1,21,19.6,6.08,4.14,0,Premium,Standard,525863.0
975,2,4,3,30,28.88,8.69,7.38,0,Premium,Standard,352471.0
3384,2,3,1,10,18.38,3.37,2.41,0,Suburban,Standard,779748.0
1301,4,2,2,37,17.13,6.9,8.61,1,Suburban,Standard,327054.0
1986,5,4,1,18,30.42,8.03,9.57,1,Family,Standard,507424.0
4129,5,1,3,26,14.14,9.49,2.37,3,Premium,Standard,1102790.0
2751,4,2,3,38,14.46,2.93,7.23,3,Urban,Standard,566591.0
2277,2,4,3,17,11.37,9.41,5.55,0,Family,Renovated,650406.0
2577,5,3,2,7,18.64,6.81,5.78,3,Suburban,Renovated,737205.0
3433,3,2,1,29,19.52,8.13,7.36,2,Suburban,Standard,805150.0
1553,3,2,3,0,23.46,2.43,5.4,1,Suburban,Renovated,450836.0
2909,4,1,2,18,15.64,6.05,6.4,1,Premium,Needs Work,681839.0
3748,4,1,3,39,8.41,6.98,3.08,1,Suburban,Standard,888006.0
2682,5,1,3,16,30.47,4.45,4.41,0,Suburban,Standard,600585.0
2235,3,4,2,27,12.76,5.45,8.79,3,Premium,Needs Work,616054.0
1165,4,3,3,21,32.38,6.43,1.99,0,Urban,Standard,303659.0
1531,4,2,3,8,8.05,6.42,6.38,0,Family,Standard,443258.0
4008,2,4,2,12,20.04,2.33,2.66,1,Suburban,Standard,893605.0
2571,2,1,1,20,19.24,5.52,8.62,0,Suburban,Standard,542790.0
1719,4,1,1,4,29.17,3.71,6.21,0,Premium,Needs Work,397277.0
2135,1,2,2,16,5.72,9.33,4.63,1,Premium,Needs Work,605014.0
2701,2,4,2,16,31.94,9.81,3.25,1,Suburban,Standard,691243.0
2558,4,3,1,33,19.07,4.4,4.93,0,Premium,Standard,674816.0
3134,5,4,1,4,20.93,3.4,9.62,3,Family,Needs Work,691701.0
1564,3,1,3,33,18.35,3.76,5.58,3,Family,Standard,331797.0
2954,2,4,3,16,2.22,5.82,5.23,2,Family,Standard,817073.0
2221,3,1,1,26,17.9,9.0,7.72,2,Suburban,Standard,535823.0
3989,4,1,2,22,9.96,6.0,4.41,3,Suburban,Renovated,1010960.0
1210,3,3,1,11,12.65,2.44,4.85,1,Suburban,Standard,345377.0
1176,1,1,3,37,23.07,2.32,4.03,1,Urban,Standard,181550.0
2288,3,4,3,8,17.92,3.82,2.36,0,Family,Standard,598338.0
2454,3,4,3,1,4.17,8.74,7.42,2,Suburban,Standard,761545.0
3102,4,3,2,30,3.48,6.97,8.86,0,Suburban,Needs Work,763764.0
2084,5,2,2,24,7.31,6.5,9.15,2,Suburban,Needs Work,550488.0
3893,5,1,3,35,7.49,4.55,8.93,3,Suburban,Renovated,894477.0
2333,4,3,2,18,21.68,9.44,5.07,0,Suburban,Standard,662918.0
1109,2,3,2,0,7.05,4.65,3.56,2,Premium,Standard,441504.0
1073,3,4,3,0,30.98,8.68,6.74,1,Suburban,Standard,344646.0
4105,1,3,2,17,8.13,9.17,9.59,1,Suburban,Standard,965654.0
1126,5,1,3,9,4.1,5.87,7.54,2,Urban,Renovated,411266.0
4014,5,1,2,36,30.78,9.15,5.45,0,Family,Standard,898117.0
1637,5,4,3,4,11.04,4.21,7.2,3,Urban,Needs Work,459641.0
981,2,1,1,35,15.46,7.27,7.95,1,Suburban,Renovated,273733.0
1731,2,4,1,8,33.61,2.7,9.27,1,Suburban,Standard,353700.0
2832,5,1,1,4,33.11,5.79,7.87,3,Suburban,Standard,631721.0
2169,3,3,2,10,25.31,3.74,4.9,0,Family,Standard,486451.0
3438,4,4,3,5,3.34,2.5,3.46,1,Premium,Standard,973650.0
2819,3,2,1,16,21.17,2.03,5.5,3,Family,Standard,613354.0
2072,3,1,1,13,34.63,4.6,3.95,1,Family,Renovated,430213.0
2902,4,4,3,21,33.2,6.72,9.48,0,Urban,Standard,654264.0
4098,5,1,3,21,4.6,5.64,5.57,1,Urban,Standard,954018.0
2111,2,3,2,0,14.46,4.41,5.25,3,Suburban,Needs Work,580272.0
1194,5,4,2,4,11.73,9.93,4.13,3,Suburban,Standard,483751.0
2101,2,3,2,6,5.41,9.52,6.75,3,Suburban,Standard,632838.0
3632,3,1,1,7,24.62,3.01,5.68,1,Urban,Standard,730468.0
1422,5,4,1,3,10.31,5.32,2.16,3,Urban,Standard,471698.0
4019,5,1,3,12,12.73,7.19,8.82,1,Suburban,Renovated,977678.0
2738,5,3,2,21,4.07,7.87,4.23,3,Premium,Standard,895282.0
2785,2,3,3,12,17.93,4.93,4.89,3,Premium,Standard,759754.0
1775,5,2,3,13,6.38,7.97,2.85,0,Family,Renovated,580418.0
3917,5,2,1,18,15.69,2.99,5.98,3,Urban,Renovated,865133.0
778,5,1,1,21,5.87,4.65,7.32,2,Suburban,Renovated,245165.0
1710,1,4,3,13,33.43,7.73,8.93,2,Family,Renovated,425878.0
2135,4,1,1,8,5.93,7.01,1.46,3,Premium,Needs Work,649822.0
2344,5,2,2,16,18.74,8.7,9.76,0,Suburban,Standard,584339.0
2333,4,3,3,0,7.7,2.37,7.33,2,Suburban,Renovated,599170.0
1175,2,3,3,19,3.6,3.4,3.56,0,Urban,Standard,332061.0
1450,4,3,3,37,7.88,2.39,2.84,1,Family,Standard,421869.0
988,1,3,1,15,2.86,3.54,3.66,0,Premium,Renovated,431620.0
2682,3,3,1,4,5.74,2.03,8.88,0,Suburban,Standard,581187.0
1895,4,4,1,28,17.78,6.03,3.62,3,Suburban,Standard,518743.0
2658,3,2,1,5,23.16,6.23,5.17,1,Suburban,Standard,621050.0
2743,4,4,1,7,3.97,7.26,7.35,1,Suburban,Standard,765195.0
3142,2,4,3,5,15.99,5.08,8.85,1,Family,Standard,719003.0
2591,4,4,1,35,20.76,2.03,6.93,2,Suburban,Standard,617203.0
2950,4,4,3,39,8.96,7.39,7.78,2,Urban,Renovated,764992.0
2734,4,4,2,22,13.65,2.43,2.56,2,Suburban,Standard,700369.0
2966,2,1,2,24,3.44,8.93,8.9,3,Family,Standard,761909.0
2839,2,4,1,25,8.48,2.18,3.48,1,Suburban,Renovated,712571.0
1772,2,3,1,24,16.87,6.24,2.16,3,Suburban,Renovated,535494.0
1524,3,2,2,21,34.68,9.16,9.79,3,Premium,Standard,399526.0
3445,3,3,1,39,34.87,6.58,2.81,2,Family,Needs Work,690210.0
1866,2,2,3,29,34.31,6.87,2.23,0,Premium,Standard,471291.0
2599,3,3,1,3,15.38,7.45,6.63,1,Family,Renovated,756086.0
1349,2,4,1,15,3.74,2.98,3.87,2,Urban,Standard,402050.0
2181,2,1,3,38,12.0,7.4,2.2,1,Family,Standard,546060.0
2530,4,2,2,16,9.08,9.04,6.41,1,Family,Standard,654472.0
2872,5,4,1,8,1.48,9.79,7.83,1,Suburban,Standard,859009.0
2518,2,2,3,34,4.24,5.54,8.14,0,Premium,Standard,607532.0
1930,5,4,1,24,16.41,4.76,2.4,0,Urban,Renovated,506670.0
4064,3,1,3,22,12.55,8.03,6.01,3,Suburban,Renovated,993637.0
2470,1,3,3,16,7.13,6.34,8.32,0,Urban,Standard,628919.0
3519,2,4,3,4,25.35,4.06,2.45,3,Urban,Standard,891708.0
3265,1,4,3,15,13.14,3.38,2.87,1,Family,Standard,774708.0
2632,1,1,1,17,29.96,3.36,1.02,3,Suburban,Standard,550410.0
3796,2,4,3,37,9.19,5.67,5.72,1,Suburban,Standard,858755.0
1105,3,2,1,12,19.31,3.36,2.75,3,Suburban,Standard,321567.0
3919,4,2,2,5,7.26,2.16,7.52,2,Suburban,Standard,921614.0
3668,1,2,1,17,17.84,2.42,9.66,3,Suburban,Standard,771800.0
2437,5,3,2,39,6.18,9.44,2.88,0,Suburban,Needs Work,692529.0
3253,2,3,3,19,6.49,2.58,6.84,3,Premium,Standard,827334.0
2496,1,2,2,15,21.82,2.59,2.91,1,Family,Standard,555410.0
1604,4,1,1,26,9.97,5.61,1.16,1,Suburban,Standard,434384.0
3489,4,4,1,25,6.86,3.96,7.83,0,Family,Standard,827730.0
1523,4,1,3,11,32.61,9.7,4.91,3,Premium,Standard,484705.0
1766,1,1,2,38,2.46,9.29,9.52,2,Premium,Renovated,537277.0
2493,1,3,2,23,20.22,5.24,5.81,3,Urban,Renovated,598902.0
3622,2,2,2,2,19.64,5.59,2.42,2,Urban,Standard,855206.0
2012,3,3,1,16,9.52,5.0,5.05,0,Family,Standard,536797.0
2404,5,4,2,36,16.39,2.3,2.83,1,Suburban,Standard,563771.0
797,2,1,2,15,3.98,4.34,8.9,1,Suburban,Standard,189166.0
1061,1,2,3,22,25.52,2.98,7.22,0,Family,Renovated,209289.0
848,5,3,2,24,8.54,2.82,4.07,3,Suburban,Needs Work,249974.0
905,1,4,3,28,7.58,6.49,5.75,3,Family,Needs Work,275871.0
3733,1,3,3,34,11.71,2.79,7.03,2,Suburban,Standard,802954.0
3639,3,2,1,5,31.68,2.82,8.05,2,Family,Standard,783936.0
3567,3,3,2,20,28.08,5.84,1.72,2,Suburban,Standard,857337.0
847,4,4,2,21,33.19,5.54,1.2,2,Urban,Renovated,328088.0
925,5,2,1,6,23.17,3.1,2.03,0,Premium,Needs Work,319951.0
1646,5,4,1,26,23.54,2.04,4.55,2,Urban,Standard,377193.0
2656,2,4,3,4,17.32,3.54,5.2,3,Family,Standard,678870.0
1836,5,2,2,18,31.78,3.89,2.23,3,Premium,Renovated,579547.0
2380,4,1,1,13,18.37,8.4,4.7,2,Urban,Standard,623473.0
1264,1,4,1,6,13.07,9.32,4.97,3,Urban,Standard,414374.0
3244,5,1,1,32,22.77,5.25,1.98,2,Family,Standard,704538.0
1764,1,2,1,9,19.57,5.24,9.25,1,Premium,Standard,396328.0
886,3,1,1,10,5.22,7.7,6.39,1,Family,Renovated,323424.0
3286,4,3,3,34,14.35,7.02,4.5,2,Urban,Standard,741105.0
3854,2,2,3,35,11.65,3.47,5.56,3,Family,Standard,897282.0
702,2,3,2,1,29.79,2.86,3.83,0,Suburban,Renovated,239627.0
2200,3,4,2,11,13.88,5.5,8.69,1,Premium,Standard,611051.0
3586,5,4,3,28,28.93,6.52,6.18,2,Suburban,Standard,837040.0
3156,2,4,3,31,16.04,3.11,5.45,3,Urban,Standard,738715.0
3690,4,1,1,39,26.62,4.35,9.2,1,Family,Renovated,721624.0
2123,3,2,3,22,5.6,4.45,8.54,2,Family,Standard,495774.0
1971,1,1,1,0,32.44,4.09,8.32,0,Suburban,Standard,348252.0
3167,4,4,1,34,17.34,5.69,3.03,1,Family,Standard,773939.0
1195,5,3,2,6,9.83,7.22,2.38,3,Urban,Standard,473207.0
1499,3,2,3,4,9.21,6.08,7.21,2,Urban,Standard,453374.0
2782,1,3,1,26,10.01,3.61,5.22,3,Urban,Standard,646790.0
3023,1,3,1,24,13.47,2.82,7.15,0,Suburban,Standard,638863.0
1074,3,2,1,2,25.4,8.57,7.85,1,Urban,Standard,310463.0
2454,3,2,2,6,33.29,5.83,3.66,3,Suburban,Renovated,616358.0
1945,3,1,3,23,23.75,2.5,3.56,3,Urban,Standard,371494.0
2431,2,2,1,10,19.6,4.06,5.42,3,Premium,Renovated,644555.0
4052,3,2,1,27,16.25,8.43,3.46,1,Family,Standard,932602.0
921,2,4,1,16,29.16,8.01,7.01,3,Premium,Standard,325724.0
4183,4,4,1,23,29.89,9.01,7.72,1,Urban,Needs Work,890299.0
2246,4,4,1,18,10.96,6.82,5.25,3,Family,Standard,624923.0
3390,4,1,2,14,33.42,5.38,7.51,3,Urban,Standard,725831.0
2156,1,4,2,13,14.43,5.41,5.59,1,Family,Standard,587171.0
1753,5,2,2,27,28.2,3.55,7.42,1,Suburban,Renovated,372005.0
3385,1,2,3,20,33.87,7.21,3.02,3,Suburban,Renovated,774624.0
3091,5,4,2,23,24.92,6.68,7.65,1,Urban,Needs Work,675626.0
1161,1,4,1,23,6.49,3.24,7.44,1,Family,Standard,310138.0
3154,3,1,2,8,20.93,9.09,3.4,2,Family,Standard,784616.0
3323,1,2,1,36,5.04,4.95,6.0,3,Premium,Renovated,824717.0
2026,1,3,3,22,27.83,2.4,8.7,0,Family,Standard,393613.0
3936,4,3,1,28,10.56,4.62,3.25,3,Family,Standard,972139.0
2925,4,2,1,35,24.64,8.96,7.62,1,Urban,Standard,640313.0
1834,1,3,3,36,31.94,9.34,9.59,0,Premium,Standard,423741.0
688,5,4,2,26,7.15,5.92,8.8,1,Suburban,Standard,287517.0
3046,2,1,1,31,14.36,9.65,4.61,1,Suburban,Standard,717796.0
1392,2,3,3,18,23.0,9.0,6.46,2,Urban,Needs Work,344428.0
3335,2,3,1,29,15.27,8.6,9.93,2,Family,Needs Work,715571.0
2514,3,4,3,12,6.94,8.88,6.12,0,Premium,Needs Work,772372.0
2306,1,2,3,28,1.99,5.06,2.04,1,Suburban,Standard,606914.0
1231,3,1,2,3,14.82,8.05,1.41,0,Suburban,Renovated,470832.0
3175,2,3,2,36,23.07,6.62,8.11,1,Suburban,Standard,723343.0
1238,1,3,2,9,20.52,7.76,4.81,2,Premium,Renovated,477160.0
2133,2,2,2,26,6.31,3.42,3.22,3,Family,Standard,522156.0
3618,4,4,1,0,16.32,7.85,4.13,0,Suburban,Standard,971531.0
3917,4,4,1,6,13.56,9.66,7.82,2,Suburban,Renovated,1058025.0
4161,2,1,1,39,10.32,4.42,5.19,1,Suburban,Standard,951642.0
4050,2,4,3,33,25.8,9.89,8.82,1,Suburban,Renovated,972376.0
2623,4,1,1,8,11.53,5.03,7.61,2,Suburban,Standard,652091.0
1361,4,2,2,5,19.36,3.6,9.77,0,Urban,Standard,301680.0
3628,5,1,3,32,32.39,2.9,9.0,3,Urban,Standard,709116.0
3495,5,2,3,39,19.34,8.28,3.29,1,Suburban,Standard,854685.0
4165,5,4,1,6,21.98,6.44,6.93,0,Family,Standard,1000573.0
2960,5,2,1,26,3.49,4.46,1.18,3,Suburban,Renovated,837809.0
1152,3,3,3,11,7.06,6.87,9.92,3,Urban,Renovated,419564.0
2435,2,1,1,29,4.43,4.66,3.35,2,Premium,Standard,652656.0
2241,2,3,1,16,27.0,5.59,6.98,2,Family,Renovated,523413.0
3642,2,2,3,5,29.42,8.9,8.64,0,Suburban,Renovated,851485.0
2043,4,3,3,12,7.34,7.35,2.44,1,Urban,Standard,579389.0
1816,4,4,3,21,8.46,8.1,8.63,1,Premium,Needs Work,614196.0
934,5,3,3,31,11.99,6.67,1.11,3,Suburban,Standard,381403.0
3615,1,1,1,0,21.1,9.93,4.98,1,Premium,Needs Work,911666.0
3331,3,2,1,38,22.14,3.93,5.25,2,Suburban,Needs Work,686878.0
796,2,1,1,25,24.35,4.1,4.37,1,Urban,Renovated,174762.0
2189,5,2,1,35,31.78,2.74,6.28,2,Suburban,Standard,445328.0
2352,2,1,3,37,11.03,6.43,9.23,0,Premium,Standard,543324.0
2316,1,3,1,6,23.4,6.91,3.94,2,Suburban,Standard,561923.0
3912,3,2,2,3,20.03,7.81,6.21,0,Urban,Standard,945210.0
1184,5,1,3,31,11.4,4.68,8.9,2,Suburban,Standard,312784.0
1737,5,1,3,7,31.85,2.1,7.96,0,Family,Standard,378688.0
1292,1,4,1,5,4.25,7.06,1.37,3,Urban,Standard,492278.0
1516,2,4,2,18,25.21,9.99,9.49,3,Premium,Standard,476827.0
3870,1,4,2,36,25.75,4.36,1.42,2,Premium,Standard,939372.0
3989,2,1,3,31,32.12,3.47,6.3,3,Suburban,Standard,808532.0
808,3,2,2,20,18.63,4.25,6.18,3,Family,Needs Work,166201.0
2893,2,4,1,7,11.94,5.4,8.08,0,Family,Standard,686644.0
1476,1,3,3,13,29.14,4.01,2.34,2,Suburban,Standard,390357.0
1333,3,1,3,27,27.21,4.78,2.61,1,Urban,Standard,278157.0
1686,1,1,2,6,18.01,7.11,7.77,3,Suburban,Renovated,445505.0
1340,2,2,1,20,27.11,4.76,2.35,3,Urban,Standard,305216.0
2390,1,4,2,0,10.11,5.17,5.23,3,Suburban,Renovated,742424.0
4184,1,1,3,13,21.04,2.32,7.58,1,Family,Renovated,834590.0
2731,3,4,3,9,30.42,9.34,6.86,0,Family,Standard,699463.0
3217,5,3,2,27,11.81,5.26,2.9,0,Suburban,Standard,807169.0
2401,4,4,1,36,17.44,4.63,3.74,0,Suburban,Needs Work,542377.0
699,1,4,2,5,33.34,2.69,9.72,3,Urban,Renovated,145331.0
948,1,2,3,31,28.14,7.07,5.04,2,Suburban,Standard,250095.0
1604,2,4,3,26,31.16,8.91,1.4,1,Urban,Needs Work,427325.0
1515,4,1,1,38,14.1,2.33,2.98,1,Family,Standard,336914.0
3634,4,2,1,36,34.88,3.16,4.08,0,Family,Needs Work,721429.0
3644,5,1,2,4,6.19,3.17,10.0,2,Urban,Standard,855042.0
3682,2,1,1,29,18.64,6.82,3.72,1,Premium,Standard,896897.0
2913,1,1,3,23,17.3,9.37,1.24,3,Suburban,Needs Work,704115.0
2624,1,1,1,4,28.15,5.5,5.62,0,Family,Renovated,588762.0
2954,1,1,2,10,31.89,4.75,1.75,3,Suburban,Standard,672871.0
2094,1,2,3,37,25.86,8.13,3.47,0,Urban,Standard,433086.0
3029,5,1,3,21,22.31,7.94,9.93,1,Premium,Standard,720130.0
3470,2,1,3,13,15.53,3.97,7.34,1,Urban,Renovated,716426.0
3358,5,4,1,12,18.35,3.29,1.46,2,Suburban,Standard,863782.0
2829,3,1,3,33,18.32,4.86,5.04,2,Urban,Renovated,651266.0
856,3,1,2,11,1.69,8.2,2.54,0,Premium,Standard,380757.0
3223,3,1,1,6,18.1,7.56,2.11,1,Family,Renovated,850897.0
1951,5,1,2,22,30.1,7.33,6.28,2,Urban,Standard,449819.0
3290,1,3,2,39,25.12,8.64,5.55,1,Suburban,Standard,770452.0
2565,1,4,2,7,28.05,4.22,7.69,0,Premium,Needs Work,600781.0
3778,3,3,1,10,14.28,4.72,9.03,0,Urban,Renovated,831728.0
1851,2,3,2,18,18.99,2.34,3.22,2,Suburban,Renovated,499067.0
3956,3,1,2,7,2.14,8.95,9.31,1,Premium,Standard,1040382.0
3647,4,4,1,26,14.02,6.66,5.66,2,Suburban,Standard,889395.0
1825,3,1,3,10,17.13,4.38,3.33,0,Family,Standard,417228.0
2363,2,3,1,5,9.68,2.56,8.61,2,Suburban,Standard,561704.0
2536,2,2,3,10,2.06,7.79,1.32,0,Premium,Standard,757403.0
3378,4,4,1,37,24.47,7.99,6.04,2,Urban,Standard,807739.0
3096,2,2,3,37,15.79,7.33,7.49,3,Urban,Standard,679210.0
3674,3,3,2,20,15.13,3.63,3.52,1,Urban,Needs Work,850429.0
1963,3,2,1,16,9.5,9.31,8.77,0,Family,Renovated,488906.0
2442,4,3,1,32,19.29,8.03,3.16,0,Family,Needs Work,590927.0
2179,4,4,3,7,15.89,7.26,8.56,1,Family,Standard,637813.0
3878,3,3,3,26,17.12,7.21,1.71,0,Urban,Needs Work,872885.0
1732,2,2,1,27,20.75,9.23,2.44,3,Suburban,Needs Work,449423.0
2734,2,2,2,28,1.22,9.43,4.43,3,Family,Needs Work,698047.0
1076,3,3,2,8,31.86,6.77,8.69,3,Premium,Standard,336194.0
3668,2,2,1,28,3.42,5.33,2.3,3,Urban,Standard,874317.0
2013,4,1,2,24,16.33,4.91,8.88,2,Family,Standard,417747.0
1859,2,2,3,35,8.05,8.55,3.07,1,Urban,Standard,493153.0
2719,4,1,3,6,18.81,7.16,5.07,1,Urban,Standard,678810.0
2420,4,1,3,24,10.53,2.62,4.17,1,Family,Needs Work,532989.0
3660,5,2,1,33,30.24,3.14,2.06,3,Suburban,Needs Work,761877.0
2536,1,4,1,11,14.48,9.2,9.5,1,Suburban,Standard,666320.0
2485,4,4,2,29,22.72,9.08,4.94,1,Suburban,Standard,681567.0
1022,1,2,1,3,9.46,9.61,7.21,2,Family,Standard,314479.0
727,2,2,2,28,1.66,5.42,6.18,1,Urban,Standard,182094.0
2064,1,1,1,24,14.74,8.27,5.52,1,Family,Renovated,487937.0
4193,1,4,1,7,19.24,8.63,6.55,0,Suburban,Needs Work,974572.0
3906,1,1,1,2,16.62,4.53,9.09,0,Urban,Standard,798355.0
2882,1,4,1,29,33.71,3.16,7.29,0,Suburban,Needs Work,546694.0
2889,5,4,3,9,25.03,9.98,5.79,1,Suburban,Standard,793204.0
2039,1,3,1,19,34.85,2.24,6.81,3,Urban,Standard,342505.0
1280,2,2,3,2,11.03,6.78,6.46,1,Suburban,Standard,419184.0
680,4,4,1,38,27.83,7.2,4.9,2,Premium,Needs Work,242253.0
1852,5,3,1,21,19.89,7.45,6.62,1,Suburban,Standard,509312.0
1773,5,3,2,37,21.8,4.05,4.99,1,Premium,Needs Work,424056.0
1330,1,4,3,6,34.52,7.77,7.82,0,Family,Standard,314185.0
1570,5,4,1,8,23.24,3.73,9.72,2,Suburban,Needs Work,404139.0
738,4,1,1,24,31.56,8.63,9.64,2,Suburban,Needs Work,126437.0
2808,1,4,3,24,25.68,3.75,8.39,1,Suburban,Standard,620013.0
3942,3,4,2,31,5.33,7.57,6.42,2,Suburban,Needs Work,895713.0
3102,5,1,2,37,24.78,8.27,7.74,1,Urban,Standard,655383.0
2241,2,2,3,32,17.47,3.51,2.6,1,Suburban,Renovated,549005.0
2141,1,4,3,5,32.24,3.9,5.31,2,Urban,Renovated,557506.0
1741,5,1,2,12,28.43,8.23,3.32,2,Suburban,Renovated,494069.0
1155,5,2,2,36,4.54,2.69,1.03,0,Family,Standard,361912.0
2774,5,3,1,21,5.55,3.53,9.7,1,Suburban,Standard,693764.0
2661,5,3,1,34,3.37,5.64,8.77,1,Suburban,Renovated,678280.0
675,5,4,2,22,17.77,9.44,5.62,3,Suburban,Needs Work,301055.0
2125,3,1,1,1,3.75,6.5,3.29,1,Premium,Standard,662204.0
1636,1,2,3,18,25.61,5.1,7.24,3,Suburban,Needs Work,305123.0
1254,4,4,3,32,19.78,9.83,4.91,2,Suburban,Renovated,457884.0
3145,2,3,1,26,29.42,5.71,8.23,0,Premium,Standard,739308.0
2516,3,1,2,5,10.51,5.47,10.0,1,Urban,Standard,576197.0
2899,4,2,1,8,18.65,5.29,4.14,3,Suburban,Standard,726977.0
3182,5,2,2,34,4.99,4.5,3.2,1,Suburban,Standard,797186.0
4135,2,3,1,39,31.08,4.61,3.41,2,Family,Standard,882039.0
3499,2,2,2,30,6.95,7.5,1.84,3,Family,Standard,895582.0
2852,4,3,2,3,4.48,2.33,4.55,2,Family,Standard,728738.0
